start,end,name
1,7,DUID
8,10,PID
11,20,DUPERSID
21,22,PANEL
23,24,FAMID31
25,26,FAMID42
27,28,FAMID53
29,30,FAMID20
31,32,FAMIDYR
33,34,CPSFAMID
35,36,FCSZ1231
37,38,FCRP1231
39,40,RULETR31
41,42,RULETR42
43,44,RULETR53
45,47,RULETR20
48,49,RUSIZE31
50,51,RUSIZE42
52,53,RUSIZE53
54,55,RUSIZE20
56,57,RUCLAS31
58,59,RUCLAS42
60,61,RUCLAS53
62,62,RUCLAS20
63,64,FAMSZE31
65,66,FAMSZE42
67,68,FAMSZE53
69,70,FAMSZE20
71,72,FMRS1231
73,74,FAMS1231
75,76,FAMSZEYR
77,77,FAMRFPYR
78,79,REGION31
80,81,REGION42
82,83,REGION53
84,85,REGION20
86,88,REFPRS31
89,91,REFPRS42
92,94,REFPRS53
95,97,REFPRS20
98,98,RESP31
99,99,RESP42
100,100,RESP53
101,101,RESP20
102,103,PROXY31
104,105,PROXY42
106,107,PROXY53
108,108,PROXY20
109,110,INTVLANG
111,112,BEGRFM31
113,116,BEGRFY31
117,118,ENDRFM31
119,122,ENDRFY31
123,124,BEGRFM42
125,128,BEGRFY42
129,130,ENDRFM42
131,134,ENDRFY42
135,136,BEGRFM53
137,140,BEGRFY53
141,142,ENDRFM53
143,146,ENDRFY53
147,148,ENDRFM20
149,152,ENDRFY20
153,153,KEYNESS
154,154,INSCOP31
155,155,INSCOP42
156,156,INSCOP53
157,157,INSCOP20
158,158,INSC1231
159,159,INSCOPE
160,160,ELGRND31
161,161,ELGRND42
162,162,ELGRND53
163,163,ELGRND20
164,165,PSTATS31
166,167,PSTATS42
168,169,PSTATS53
170,171,RURSLT31
172,173,RURSLT42
174,175,RURSLT53
176,177,AGE31X
178,179,AGE42X
180,181,AGE53X
182,183,AGE20X
184,185,AGELAST
186,187,DOBMM
188,191,DOBYY
192,192,SEX
193,193,RACEV1X
194,195,RACEV2X
196,196,RACEAX
197,197,RACEBX
198,198,RACEWX
199,199,RACETHX
200,200,HISPANX
201,201,HISPNCAT
202,203,MARRY31X
204,205,MARRY42X
206,207,MARRY53X
208,209,MARRY20X
210,212,SPOUID31
213,215,SPOUID42
216,218,SPOUID53
219,221,SPOUID20
222,224,SPOUIN31
225,227,SPOUIN42
228,230,SPOUIN53
231,233,SPOUIN20
234,236,EDUCYR
237,239,HIDEG
240,241,FTSTU31X
242,243,FTSTU42X
244,245,FTSTU53X
246,247,FTSTU20X
248,249,ACTDTY31
250,251,ACTDTY42
252,253,ACTDTY53
254,255,REFRL31X
256,257,REFRL42X
258,259,REFRL53X
260,261,REFRL20X
262,264,OTHLGSPK
265,266,WHTLGSPK
267,268,HWELLSPK
269,271,BORNUSA
272,273,YRSINUS
274,276,MOPID31X
277,279,MOPID42X
280,282,MOPID53X
283,285,DAPID31X
286,288,DAPID42X
289,291,DAPID53X
292,293,RTHLTH31
294,295,RTHLTH42
296,297,RTHLTH53
298,299,MNHLTH31
300,301,MNHLTH42
302,303,MNHLTH53
304,305,HIBPDX
306,307,HIBPAGED
308,309,BPMLDX
310,311,CHDDX
312,313,CHDAGED
314,315,ANGIDX
316,317,ANGIAGED
318,319,MIDX
320,321,MIAGED
322,323,OHRTDX
324,325,OHRTAGED
326,327,OHRTTYPE
328,329,STRKDX
330,331,STRKAGED
332,333,EMPHDX
334,335,EMPHAGED
336,338,CHBRON31
339,340,CHBRON53
341,342,CHOLDX
343,344,CHOLAGED
345,347,CANCERDX
348,349,CABLADDR
350,351,CABLOOD
352,353,CABREAST
354,355,CACERVIX
356,357,CACOLON
358,359,CALUNG
360,361,CALYMPH
362,363,CAMELANO
364,365,CAOTHER
366,367,CAPROSTA
368,369,CASKINNM
370,371,CASKINDK
372,373,CAUTERUS
374,376,DIABDX_M18
377,378,DIABAGED
379,381,JTPAIN31_M18
382,384,JTPAIN53_M18
385,386,ARTHDX
387,388,ARTHTYPE
389,391,ARTHAGED
392,394,ASTHDX
395,396,ASTHAGED
397,399,ASSTIL31
400,401,ASSTIL53
402,404,ASATAK31
405,406,ASATAK53
407,408,ASTHEP31
409,410,ASTHEP53
411,413,ASACUT31
414,415,ASACUT53
416,417,ASMRCN31
418,419,ASMRCN53
420,422,ASPREV31
423,424,ASPREV53
425,426,ASDALY31
427,428,ASDALY53
429,431,ASPKFL31
432,433,ASPKFL53
434,435,ASEVFL31
436,437,ASEVFL53
438,439,ASWNFL31
440,441,ASWNFL53
442,443,ADHDADDX
444,445,ADHDAGED
446,448,IADLHP31
449,450,IADLHP53
451,453,ADLHLP31
454,455,ADLHLP53
456,458,AIDHLP31
459,460,AIDHLP53
461,463,WLKLIM31
464,465,WLKLIM53
466,468,LFTDIF31
469,470,LFTDIF53
471,473,STPDIF31
474,475,STPDIF53
476,478,WLKDIF31
479,480,WLKDIF53
481,483,MILDIF31
484,485,MILDIF53
486,488,STNDIF31
489,490,STNDIF53
491,493,BENDIF31
494,495,BENDIF53
496,498,RCHDIF31
499,500,RCHDIF53
501,503,FNGRDF31
504,505,FNGRDF53
506,508,ACTLIM31
509,510,ACTLIM53
511,513,WRKLIM31
514,515,WRKLIM53
516,518,HSELIM31
519,520,HSELIM53
521,523,SCHLIM31
524,525,SCHLIM53
526,528,UNABLE31
529,530,UNABLE53
531,533,SOCLIM31
534,535,SOCLIM53
536,538,COGLIM31
539,540,COGLIM53
541,542,DFHEAR42
543,544,DFSEE42
545,546,DFCOG42
547,548,DFWLKC42
549,550,DFDRSB42
551,552,DFERND42
553,555,ANYLMI20
556,557,CHPMED42
558,559,CHPMHB42
560,561,CHPMCN42
562,563,CHSERV42
564,565,CHSRHB42
566,567,CHSRCN42
568,569,CHLIMI42
570,571,CHLIHB42
572,573,CHLICO42
574,575,CHTHER42
576,577,CHTHHB42
578,579,CHTHCO42
580,581,CHCOUN42
582,583,CHEMPB42
584,585,CSHCN42
586,587,MESHGT42
588,589,WHNHGT42
590,591,MESWGT42
592,593,WHNWGT42
594,598,CHBMIX42
599,600,MESVIS42
601,602,EATHLT42
603,604,WHNEAT42
605,606,PHYSCL42
607,608,WHNPHY42
609,610,SAFEST42
611,612,WHNSAF42
613,614,BOOST42
615,616,WHNBST42
617,618,LAPBLT42
619,620,WHNLAP42
621,622,HELMET42
623,624,WHNHEL42
625,626,NOSMOK42
627,628,WHNSMK42
629,630,TIMALN42
631,632,LSTETH53
633,634,PHYEXE53
635,636,OFTSMK53
637,637,SAQELIG
638,640,ADPROX42
641,643,ADSEX42
644,646,ADAGE42
647,649,ADGENH42
650,652,ADDAYA42
653,655,ADCLIM42
656,658,ADACLS42
659,661,ADWKLM42
662,664,ADEMLS42
665,667,ADMWCF42
668,670,ADPAIN42
671,673,ADPCFL42
674,676,ADENGY42
677,679,ADPRST42
680,682,ADSOCA42
683,688,VPCS42
689,694,VMCS42
695,696,VRFLAG42
697,699,ADNERV42
700,702,ADHOPE42
703,705,ADREST42
706,708,ADSAD42
709,711,ADEFRT42
712,714,ADWRTH42
715,717,K6SUM42
718,720,ADINTR42
721,723,ADDPRS42
724,726,PHQ242
727,729,ADSLEEP42
730,732,ADKALC42
733,735,ADNUMDRK42
736,738,ADRNK542
739,741,ADRNK442
742,744,ADOFTALC42
745,747,ADSTAL42
748,750,ADMNTRT42
751,753,ADRATETRT42
754,756,ADTRTHLP42
757,759,ADTRTPD42
760,762,ADPROBTRT42
763,765,ADUNABTRT42
766,768,ADRELTRT42
769,771,ADSCHTRT42
772,774,ADGRPTRT42
775,777,ADONLTRT42
778,780,ADPHONTRT42
781,783,ADAPPTRT42
784,786,ADTRTEXP42
787,789,ADBRTC42
790,792,ADMDVT42
793,795,ADFLST42
796,798,ADWGHD42
799,801,ADWTAD42
802,804,ADTBAC42
805,807,ADOFTB42
808,810,ADQTTB42
811,813,ADQTMD42
814,816,ADQTHP42
817,819,ADMOOD42
820,822,ADBPCK42
823,825,ADCHLC42
826,828,ADPNEU42
829,831,ADSHNG42
832,833,ADNOAP42
834,836,ADDSCU42
837,838,ADCOLN42
839,841,ADCLNS42
842,844,ADSGMD42
845,847,ADBLDS42
848,850,ADPROS42
851,853,ADPSAG42
854,856,ADUTRM42
857,859,ADPAP42
860,862,ADPAPG42
863,865,ADOSTP42
866,868,ADBNDN42
869,871,ADBRST42
872,874,ADMMGR42
875,877,ADCMPM42
878,881,ADCMPY42
882,883,ADLANG42
884,888,ADBMI42
889,889,DCSELIG
890,891,DSDIA53
892,894,DSA1C53
895,897,DSFT2153
898,900,DSFT2053
901,903,DSFT1953
904,906,DSFB1953
907,909,DSFTNV53
910,912,DSEY2153
913,915,DSEY2053
916,918,DSEY1953
919,921,DSEB1953
922,924,DSEYNV53
925,927,DSCH2153
928,930,DSCH2053
931,933,DSCH1953
934,936,DSCB1953
937,939,DSCHNV53
940,942,DSFL2153
943,945,DSFL2053
946,948,DSFL1953
949,951,DSVB1953
952,954,DSFLNV53
955,957,DSKIDN53
958,960,DSEYPR53
961,963,DSDIET53
964,966,DSMED53
967,969,DSINSU53
970,971,DSCPCP53
972,973,DSCNPC53
974,975,DSCPHN53
976,977,DSCINT53
978,979,DSCGRP53
980,982,DSCONF53
983,985,DSPRX53
986,988,DDNWRK20
989,991,OTHDYS20
992,994,OTHNDD20
995,996,ACCELI42
997,998,HAVEUS42
999,1000,PRACTP42
1001,1002,YNOUSC42_M18
1003,1004,PROVTY42_M18
1005,1006,PLCTYP42
1007,1008,TMTKUS42
1009,1010,TYPEPE42
1011,1012,LOCATN42
1013,1014,HSPLAP42
1015,1016,WHITPR42
1017,1018,BLCKPR42
1019,1020,ASIANP42
1021,1022,NATAMP42
1023,1024,PACISP42
1025,1026,OTHRCP42
1027,1028,GENDRP42
1029,1030,PHNREG42
1031,1032,OFFHOU42
1033,1034,AFTHOU42
1035,1036,TREATM42
1037,1038,DECIDE42
1039,1040,EXPLOP42
1041,1042,PRVSPK42
1043,1044,DLAYCA42
1045,1046,AFRDCA42
1047,1048,DLAYDN42
1049,1050,AFRDDN42
1051,1052,DLAYPM42
1053,1054,AFRDPM42
1055,1056,CVDLAYCA53
1057,1058,CVDLAYDN53
1059,1060,CVDLAYPM53
1061,1063,EMPST31
1064,1066,EMPST42
1067,1069,EMPST53
1070,1071,RNDFLG31
1072,1074,MORJOB31
1075,1077,MORJOB42
1078,1080,MORJOB53
1081,1083,EVRWRK
1084,1089,HRWG31X
1090,1095,HRWG42X
1096,1101,HRWG53X
1102,1102,HRWGIM31
1103,1103,HRWGIM42
1104,1104,HRWGIM53
1105,1107,HRHOW31
1108,1110,HRHOW42
1111,1113,HRHOW53
1114,1116,DIFFWG31
1117,1119,DIFFWG42
1120,1122,DIFFWG53
1123,1128,NHRWG31
1129,1134,NHRWG42
1135,1140,NHRWG53
1141,1143,HOUR31
1144,1146,HOUR42
1147,1149,HOUR53
1150,1152,TEMPJB31
1153,1155,TEMPJB42
1156,1158,TEMPJB53
1159,1161,SSNLJB31
1162,1164,SSNLJB42
1165,1167,SSNLJB53
1168,1170,SELFCM31
1171,1173,SELFCM42
1174,1176,SELFCM53
1177,1179,DISVW31X
1180,1182,DISVW42X
1183,1185,DISVW53X
1186,1188,CHOIC31
1189,1191,CHOIC42
1192,1194,CHOIC53
1195,1197,INDCAT31
1198,1200,INDCAT42
1201,1203,INDCAT53
1204,1206,NUMEMP31
1207,1209,NUMEMP42
1210,1212,NUMEMP53
1213,1215,MORE31
1216,1218,MORE42
1219,1221,MORE53
1222,1224,UNION31
1225,1227,UNION42
1228,1230,UNION53
1231,1233,NWK31
1234,1236,NWK42
1237,1238,NWK53
1239,1241,CHGJ3142
1242,1244,CHGJ4253
1245,1247,YCHJ3142
1248,1250,YCHJ4253
1251,1253,STJBMM31
1254,1257,STJBYY31
1258,1260,STJBMM42
1261,1264,STJBYY42
1265,1267,STJBMM53
1268,1271,STJBYY53
1272,1274,EVRETIRE
1275,1277,OCCCAT31
1278,1280,OCCCAT42
1281,1283,OCCCAT53
1284,1286,PAYVAC31
1287,1289,PAYVAC42
1290,1292,PAYVAC53
1293,1295,SICPAY31
1296,1298,SICPAY42
1299,1301,SICPAY53
1302,1304,PAYDR31
1305,1307,PAYDR42
1308,1310,PAYDR53
1311,1313,RETPLN31
1314,1316,RETPLN42
1317,1319,RETPLN53
1320,1322,BSNTY31
1323,1325,BSNTY42
1326,1328,BSNTY53
1329,1331,JOBORG31
1332,1334,JOBORG42
1335,1337,JOBORG53
1338,1340,HELD31X
1341,1343,HELD42X
1344,1346,HELD53X
1347,1349,OFFER31X
1350,1352,OFFER42X
1353,1355,OFFER53X
1356,1358,OFREMP31
1359,1361,OFREMP42
1362,1364,OFREMP53
1365,1366,OUTFLAG31
1367,1368,OUTFLAG42
1369,1370,OUTFLAG53
1371,1372,EMPST31H
1373,1374,EMPST42H
1375,1376,EMPST53H
1377,1378,SLFCM31H
1379,1380,SLFCM42H
1381,1382,SLFCM53H
1383,1385,NMEMP31H
1386,1388,NMEMP42H
1389,1391,NMEMP53H
1392,1393,MORE31H
1394,1395,MORE42H
1396,1397,MORE53H
1398,1399,INDCT31H
1400,1401,INDCT42H
1402,1403,INDCT53H
1404,1405,OCCCT31H
1406,1407,OCCCT42H
1408,1409,OCCCT53H
1410,1412,HOUR31H
1413,1415,HOUR42H
1416,1418,HOUR53H
1419,1420,JBORG31H
1421,1422,JBORG42H
1423,1424,JBORG53H
1425,1426,UNION31H
1427,1428,UNION42H
1429,1430,UNION53H
1431,1432,BSNTY31H
1433,1434,BSNTY42H
1435,1436,BSNTY53H
1437,1442,HRWG31H
1443,1448,HRWG42H
1449,1454,HRWG53H
1455,1456,CMJHLD31
1457,1458,CMJHLD42
1459,1460,CMJHLD53
1461,1462,OFFER31H
1463,1464,OFFER42H
1465,1466,OFFER53H
1467,1468,OFEMP31H
1469,1470,OFEMP42H
1471,1472,OFEMP53H
1473,1474,PYVAC31H
1475,1476,PYVAC42H
1477,1478,PYVAC53H
1479,1480,SCPAY31H
1481,1482,SCPAY42H
1483,1484,SCPAY53H
1485,1486,PAYDR31H
1487,1488,PAYDR42H
1489,1490,PAYDR53H
1491,1492,RTPLN31H
1493,1494,RTPLN42H
1495,1496,RTPLN53H
1497,1498,FILEDR20
1499,1500,WILFIL20
1501,1502,FLSTAT20
1503,1504,FILER20
1505,1506,JTINRU20
1507,1509,JNTPID20
1510,1511,TAXFRM20
1512,1513,FOODST20
1514,1515,FOODMN20
1516,1519,FOODVL20
1520,1525,TTLP20X
1526,1531,FAMINC20
1532,1532,POVCAT20
1533,1539,POVLEV20
1540,1545,WAGEP20X
1546,1546,WAGIMP20
1547,1552,BUSNP20X
1553,1553,BUSIMP20
1554,1558,UNEMP20X
1559,1559,UNEIMP20
1560,1564,WCMPP20X
1565,1565,WCPIMP20
1566,1570,INTRP20X
1571,1571,INTIMP20
1572,1576,DIVDP20X
1577,1577,DIVIMP20
1578,1584,SALEP20X
1585,1585,SALIMP20
1586,1590,PENSP20X
1591,1591,PENIMP20
1592,1597,SSECP20X
1598,1598,SSCIMP20
1599,1604,TRSTP20X
1605,1605,TRTIMP20
1606,1610,VETSP20X
1611,1611,VETIMP20
1612,1617,IRASP20X
1618,1618,IRAIMP20
1619,1623,ALIMP20X
1624,1624,ALIIMP20
1625,1629,CHLDP20X
1630,1630,CHLIMP20
1631,1636,CASHP20X
1637,1637,CSHIMP20
1638,1642,SSIP20X
1643,1643,SSIIMP20
1644,1647,PUBP20X
1648,1648,PUBIMP20
1649,1654,OTHRP20X
1655,1655,OTHIMP20
1656,1664,HIEUIDX
1665,1666,TRIJA20X
1667,1668,TRIFE20X
1669,1670,TRIMA20X
1671,1672,TRIAP20X
1673,1674,TRIMY20X
1675,1676,TRIJU20X
1677,1678,TRIJL20X
1679,1680,TRIAU20X
1681,1682,TRISE20X
1683,1684,TRIOC20X
1685,1686,TRINO20X
1687,1688,TRIDE20X
1689,1690,MCRJA20
1691,1692,MCRFE20
1693,1694,MCRMA20
1695,1696,MCRAP20
1697,1698,MCRMY20
1699,1700,MCRJU20
1701,1702,MCRJL20
1703,1704,MCRAU20
1705,1706,MCRSE20
1707,1708,MCROC20
1709,1710,MCRNO20
1711,1712,MCRDE20
1713,1714,MCRJA20X
1715,1716,MCRFE20X
1717,1718,MCRMA20X
1719,1720,MCRAP20X
1721,1722,MCRMY20X
1723,1724,MCRJU20X
1725,1726,MCRJL20X
1727,1728,MCRAU20X
1729,1730,MCRSE20X
1731,1732,MCROC20X
1733,1734,MCRNO20X
1735,1736,MCRDE20X
1737,1738,MCDJA20
1739,1740,MCDFE20
1741,1742,MCDMA20
1743,1744,MCDAP20
1745,1746,MCDMY20
1747,1748,MCDJU20
1749,1750,MCDJL20
1751,1752,MCDAU20
1753,1754,MCDSE20
1755,1756,MCDOC20
1757,1758,MCDNO20
1759,1760,MCDDE20
1761,1762,MCDJA20X
1763,1764,MCDFE20X
1765,1766,MCDMA20X
1767,1768,MCDAP20X
1769,1770,MCDMY20X
1771,1772,MCDJU20X
1773,1774,MCDJL20X
1775,1776,MCDAU20X
1777,1778,MCDSE20X
1779,1780,MCDOC20X
1781,1782,MCDNO20X
1783,1784,MCDDE20X
1785,1786,GVAJA20
1787,1788,GVAFE20
1789,1790,GVAMA20
1791,1792,GVAAP20
1793,1794,GVAMY20
1795,1796,GVAJU20
1797,1798,GVAJL20
1799,1800,GVAAU20
1801,1802,GVASE20
1803,1804,GVAOC20
1805,1806,GVANO20
1807,1808,GVADE20
1809,1810,GVBJA20
1811,1812,GVBFE20
1813,1814,GVBMA20
1815,1816,GVBAP20
1817,1818,GVBMY20
1819,1820,GVBJU20
1821,1822,GVBJL20
1823,1824,GVBAU20
1825,1826,GVBSE20
1827,1828,GVBOC20
1829,1830,GVBNO20
1831,1832,GVBDE20
1833,1834,GVCJA20
1835,1836,GVCFE20
1837,1838,GVCMA20
1839,1840,GVCAP20
1841,1842,GVCMY20
1843,1844,GVCJU20
1845,1846,GVCJL20
1847,1848,GVCAU20
1849,1850,GVCSE20
1851,1852,GVCOC20
1853,1854,GVCNO20
1855,1856,GVCDE20
1857,1858,VAPJA20
1859,1860,VAPFE20
1861,1862,VAPMA20
1863,1864,VAPAP20
1865,1866,VAPMY20
1867,1868,VAPJU20
1869,1870,VAPJL20
1871,1872,VAPAU20
1873,1874,VAPSE20
1875,1876,VAPOC20
1877,1878,VAPNO20
1879,1880,VAPDE20
1881,1882,IHSJA20
1883,1884,IHSFE20
1885,1886,IHSMA20
1887,1888,IHSAP20
1889,1890,IHSMY20
1891,1892,IHSJU20
1893,1894,IHSJL20
1895,1896,IHSAU20
1897,1898,IHSSE20
1899,1900,IHSOC20
1901,1902,IHSNO20
1903,1904,IHSDE20
1905,1906,PUBJA20X
1907,1908,PUBFE20X
1909,1910,PUBMA20X
1911,1912,PUBAP20X
1913,1914,PUBMY20X
1915,1916,PUBJU20X
1917,1918,PUBJL20X
1919,1920,PUBAU20X
1921,1922,PUBSE20X
1923,1924,PUBOC20X
1925,1926,PUBNO20X
1927,1928,PUBDE20X
1929,1930,PEGJA20
1931,1932,PEGFE20
1933,1934,PEGMA20
1935,1936,PEGAP20
1937,1938,PEGMY20
1939,1940,PEGJU20
1941,1942,PEGJL20
1943,1944,PEGAU20
1945,1946,PEGSE20
1947,1948,PEGOC20
1949,1950,PEGNO20
1951,1952,PEGDE20
1953,1954,PDKJA20
1955,1956,PDKFE20
1957,1958,PDKMA20
1959,1960,PDKAP20
1961,1962,PDKMY20
1963,1964,PDKJU20
1965,1966,PDKJL20
1967,1968,PDKAU20
1969,1970,PDKSE20
1971,1972,PDKOC20
1973,1974,PDKNO20
1975,1976,PDKDE20
1977,1978,PNGJA20
1979,1980,PNGFE20
1981,1982,PNGMA20
1983,1984,PNGAP20
1985,1986,PNGMY20
1987,1988,PNGJU20
1989,1990,PNGJL20
1991,1992,PNGAU20
1993,1994,PNGSE20
1995,1996,PNGOC20
1997,1998,PNGNO20
1999,2000,PNGDE20
2001,2002,POGJA20
2003,2004,POGFE20
2005,2006,POGMA20
2007,2008,POGAP20
2009,2010,POGMY20
2011,2012,POGJU20
2013,2014,POGJL20
2015,2016,POGAU20
2017,2018,POGSE20
2019,2020,POGOC20
2021,2022,POGNO20
2023,2024,POGDE20
2025,2026,POEJA20
2027,2028,POEFE20
2029,2030,POEMA20
2031,2032,POEAP20
2033,2034,POEMY20
2035,2036,POEJU20
2037,2038,POEJL20
2039,2040,POEAU20
2041,2042,POESE20
2043,2044,POEOC20
2045,2046,POENO20
2047,2048,POEDE20
2049,2050,PNEJA20
2051,2052,PNEFE20
2053,2054,PNEMA20
2055,2056,PNEAP20
2057,2058,PNEMY20
2059,2060,PNEJU20
2061,2062,PNEJL20
2063,2064,PNEAU20
2065,2066,PNESE20
2067,2068,PNEOC20
2069,2070,PNENO20
2071,2072,PNEDE20
2073,2074,PRXJA20
2075,2076,PRXFE20
2077,2078,PRXMA20
2079,2080,PRXAP20
2081,2082,PRXMY20
2083,2084,PRXJU20
2085,2086,PRXJL20
2087,2088,PRXAU20
2089,2090,PRXSE20
2091,2092,PRXOC20
2093,2094,PRXNO20
2095,2096,PRXDE20
2097,2098,PRIJA20
2099,2100,PRIFE20
2101,2102,PRIMA20
2103,2104,PRIAP20
2105,2106,PRIMY20
2107,2108,PRIJU20
2109,2110,PRIJL20
2111,2112,PRIAU20
2113,2114,PRISE20
2115,2116,PRIOC20
2117,2118,PRINO20
2119,2120,PRIDE20
2121,2122,HPEJA20
2123,2124,HPEFE20
2125,2126,HPEMA20
2127,2128,HPEAP20
2129,2130,HPEMY20
2131,2132,HPEJU20
2133,2134,HPEJL20
2135,2136,HPEAU20
2137,2138,HPESE20
2139,2140,HPEOC20
2141,2142,HPENO20
2143,2144,HPEDE20
2145,2146,HPDJA20
2147,2148,HPDFE20
2149,2150,HPDMA20
2151,2152,HPDAP20
2153,2154,HPDMY20
2155,2156,HPDJU20
2157,2158,HPDJL20
2159,2160,HPDAU20
2161,2162,HPDSE20
2163,2164,HPDOC20
2165,2166,HPDNO20
2167,2168,HPDDE20
2169,2170,HPNJA20
2171,2172,HPNFE20
2173,2174,HPNMA20
2175,2176,HPNAP20
2177,2178,HPNMY20
2179,2180,HPNJU20
2181,2182,HPNJL20
2183,2184,HPNAU20
2185,2186,HPNSE20
2187,2188,HPNOC20
2189,2190,HPNNO20
2191,2192,HPNDE20
2193,2194,HPOJA20
2195,2196,HPOFE20
2197,2198,HPOMA20
2199,2200,HPOAP20
2201,2202,HPOMY20
2203,2204,HPOJU20
2205,2206,HPOJL20
2207,2208,HPOAU20
2209,2210,HPOSE20
2211,2212,HPOOC20
2213,2214,HPONO20
2215,2216,HPODE20
2217,2218,HPXJA20
2219,2220,HPXFE20
2221,2222,HPXMA20
2223,2224,HPXAP20
2225,2226,HPXMY20
2227,2228,HPXJU20
2229,2230,HPXJL20
2231,2232,HPXAU20
2233,2234,HPXSE20
2235,2236,HPXOC20
2237,2238,HPXNO20
2239,2240,HPXDE20
2241,2242,HPRJA20
2243,2244,HPRFE20
2245,2246,HPRMA20
2247,2248,HPRAP20
2249,2250,HPRMY20
2251,2252,HPRJU20
2253,2254,HPRJL20
2255,2256,HPRAU20
2257,2258,HPRSE20
2259,2260,HPROC20
2261,2262,HPRNO20
2263,2264,HPRDE20
2265,2266,INSJA20X
2267,2268,INSFE20X
2269,2270,INSMA20X
2271,2272,INSAP20X
2273,2274,INSMY20X
2275,2276,INSJU20X
2277,2278,INSJL20X
2279,2280,INSAU20X
2281,2282,INSSE20X
2283,2284,INSOC20X
2285,2286,INSNO20X
2287,2288,INSDE20X
2289,2289,PRVEV20
2290,2290,TRIEV20
2291,2291,MCREV20
2292,2292,MCDEV20
2293,2293,VAEV20
2294,2294,GVAEV20
2295,2295,GVBEV20
2296,2296,GVCEV20
2297,2297,UNINS20
2298,2298,INSCOV20
2299,2299,INSURC20
2300,2301,TRIST31X
2302,2303,TRIST42X
2304,2305,TRIST20X
2306,2307,TRIPR31X
2308,2309,TRIPR42X
2310,2311,TRIPR20X
2312,2313,TRIEX31X
2314,2315,TRIEX42X
2316,2317,TRIEX20X
2318,2319,TRILI31X
2320,2321,TRILI42X
2322,2323,TRILI20X
2324,2325,TRICH31X
2326,2327,TRICH42X
2328,2329,TRICH20X
2330,2332,MCRPD31
2333,2335,MCRPD42
2336,2338,MCRPD20
2339,2341,MCRPD31X
2342,2344,MCRPD42X
2345,2347,MCRPD20X
2348,2350,MCRPB31
2351,2353,MCRPB42
2354,2356,MCRPB20
2357,2359,MCRPHO31
2360,2362,MCRPHO42
2363,2365,MCRPHO20
2366,2368,MCDHMO31
2369,2371,MCDHMO42
2372,2374,MCDHMO20
2375,2377,MCDMC31
2378,2380,MCDMC42
2381,2383,MCDMC20
2384,2386,PRVHMO31
2387,2389,PRVHMO42
2390,2392,PRVHMO20
2393,2394,FSAGT31
2395,2397,HASFSA31
2398,2404,PFSAMT31
2405,2406,PREVCOVR
2407,2408,MORECOVR
2409,2410,TRICR31X
2411,2412,TRICR42X
2413,2414,TRICR53X
2415,2416,TRICR20X
2417,2418,TRIAT31X
2419,2420,TRIAT42X
2421,2422,TRIAT53X
2423,2424,TRIAT20X
2425,2426,MCAID31
2427,2428,MCAID42
2429,2430,MCAID53
2431,2432,MCAID20
2433,2434,MCAID31X
2435,2436,MCAID42X
2437,2438,MCAID53X
2439,2440,MCAID20X
2441,2442,MCARE31
2443,2444,MCARE42
2445,2446,MCARE53
2447,2448,MCARE20
2449,2450,MCARE31X
2451,2452,MCARE42X
2453,2454,MCARE53X
2455,2456,MCARE20X
2457,2458,MCDAT31X
2459,2460,MCDAT42X
2461,2462,MCDAT53X
2463,2464,MCDAT20X
2465,2466,GOVTA31
2467,2468,GOVTA42
2469,2470,GOVTA53
2471,2472,GOVTA20
2473,2474,GOVAAT31
2475,2476,GOVAAT42
2477,2478,GOVAAT53
2479,2480,GOVAAT20
2481,2482,GOVTB31
2483,2484,GOVTB42
2485,2486,GOVTB53
2487,2488,GOVTB20
2489,2490,GOVBAT31
2491,2492,GOVBAT42
2493,2494,GOVBAT53
2495,2496,GOVBAT20
2497,2498,GOVTC31
2499,2500,GOVTC42
2501,2502,GOVTC53
2503,2504,GOVTC20
2505,2506,GOVCAT31
2507,2508,GOVCAT42
2509,2510,GOVCAT53
2511,2512,GOVCAT20
2513,2514,VAPROG31
2515,2516,VAPROG42
2517,2518,VAPROG53
2519,2520,VAPROG20
2521,2522,VAPRAT31
2523,2524,VAPRAT42
2525,2526,VAPRAT53
2527,2528,VAPRAT20
2529,2530,IHS31
2531,2532,IHS42
2533,2534,IHS53
2535,2536,IHS20
2537,2538,IHSAT31
2539,2540,IHSAT42
2541,2542,IHSAT53
2543,2544,IHSAT20
2545,2546,PRIDK31
2547,2548,PRIDK42
2549,2550,PRIDK53
2551,2552,PRIDK20
2553,2554,PRIEU31
2555,2556,PRIEU42
2557,2558,PRIEU53
2559,2560,PRIEU20
2561,2562,PRING31
2563,2564,PRING42
2565,2566,PRING53
2567,2568,PRING20
2569,2570,PRIOG31
2571,2572,PRIOG42
2573,2574,PRIOG53
2575,2576,PRIOG20
2577,2578,PRINEO31
2579,2580,PRINEO42
2581,2582,PRINEO53
2583,2584,PRINEO20
2585,2586,PRIEUO31
2587,2588,PRIEUO42
2589,2590,PRIEUO53
2591,2592,PRIEUO20
2593,2594,PRSTX31
2595,2596,PRSTX42
2597,2598,PRSTX53
2599,2600,PRSTX20
2601,2602,PRIV31
2603,2604,PRIV42
2605,2606,PRIV53
2607,2608,PRIV20
2609,2610,PRIVAT31
2611,2612,PRIVAT42
2613,2614,PRIVAT53
2615,2616,PRIVAT20
2617,2618,PUB31X
2619,2620,PUB42X
2621,2622,PUB53X
2623,2624,PUB20X
2625,2626,PUBAT31X
2627,2628,PUBAT42X
2629,2630,PUBAT53X
2631,2632,PUBAT20X
2633,2634,VERFLG31
2635,2636,VERFLG42
2637,2638,VERFLG20
2639,2640,INS31X
2641,2642,INS42X
2643,2644,INS53X
2645,2646,INS20X
2647,2648,INSAT31X
2649,2650,INSAT42X
2651,2652,INSAT53X
2653,2654,INSAT20X
2655,2656,DENTIN31
2657,2658,DENTIN42
2659,2660,DENTIN53
2661,2662,DNTINS31
2663,2664,DNTINS20
2665,2666,PMEDIN31
2667,2668,PMEDIN42
2669,2670,PMEDIN53
2671,2672,PMDINS31
2673,2674,PMDINS20
2675,2676,PROBPY42
2677,2678,CRFMPY42
2679,2680,PYUNBL42
2681,2682,PMEDUP31
2683,2684,PMEDUP42
2685,2686,PMEDUP53
2687,2689,PMEDPY31
2690,2692,PMEDPY42
2693,2695,PMEDPY53
2696,2702,TOTTCH20
2703,2709,TOTEXP20
2710,2715,TOTSLF20
2716,2722,TOTMCR20
2723,2728,TOTMCD20
2729,2734,TOTPRV20
2735,2740,TOTVA20
2741,2745,TOTTRI20
2746,2750,TOTOFD20
2751,2756,TOTSTL20
2757,2762,TOTWCP20
2763,2768,TOTOSR20
2769,2774,TOTPTR20
2775,2780,TOTOTH20
2781,2783,OBTOTV20
2784,2790,OBVTCH20
2791,2796,OBVEXP20
2797,2802,OBVSLF20
2803,2808,OBVMCR20
2809,2813,OBVMCD20
2814,2819,OBVPRV20
2820,2825,OBVVA20
2826,2830,OBVTRI20
2831,2834,OBVOFD20
2835,2838,OBVSTL20
2839,2844,OBVWCP20
2845,2850,OBVOSR20
2851,2856,OBVPTR20
2857,2862,OBVOTH20
2863,2865,OBDRV20
2866,2872,OBDTCH20
2873,2878,OBDEXP20
2879,2884,OBDSLF20
2885,2890,OBDMCR20
2891,2895,OBDMCD20
2896,2901,OBDPRV20
2902,2906,OBDVA20
2907,2911,OBDTRI20
2912,2915,OBDOFD20
2916,2919,OBDSTL20
2920,2925,OBDWCP20
2926,2931,OBDOSR20
2932,2937,OBDPTR20
2938,2943,OBDOTH20
2944,2946,OPTOTV20
2947,2952,OPTTCH20
2953,2958,OPTEXP20
2959,2963,OPTSLF20
2964,2969,OPTMCR20
2970,2974,OPTMCD20
2975,2980,OPTPRV20
2981,2985,OPTVA20
2986,2990,OPTTRI20
2991,2995,OPTOFD20
2996,2999,OPTSTL20
3000,3004,OPTWCP20
3005,3009,OPTOSR20
3010,3015,OPTPTR20
3016,3020,OPTOTH20
3021,3026,OPFTCH20
3027,3032,OPFEXP20
3033,3037,OPFSLF20
3038,3043,OPFMCR20
3044,3048,OPFMCD20
3049,3054,OPFPRV20
3055,3059,OPFVA20
3060,3064,OPFTRI20
3065,3069,OPFOFD20
3070,3073,OPFSTL20
3074,3078,OPFWCP20
3079,3083,OPFOSR20
3084,3089,OPFPTR20
3090,3094,OPFOTH20
3095,3099,OPDEXP20
3100,3104,OPDTCH20
3105,3108,OPDSLF20
3109,3113,OPDMCR20
3114,3117,OPDMCD20
3118,3122,OPDPRV20
3123,3126,OPDVA20
3127,3130,OPDTRI20
3131,3131,OPDOFD20
3132,3134,OPDSTL20
3135,3139,OPDWCP20
3140,3143,OPDOSR20
3144,3148,OPDPTR20
3149,3152,OPDOTH20
3153,3154,OPDRV20
3155,3160,OPVTCH20
3161,3166,OPVEXP20
3167,3171,OPVSLF20
3172,3177,OPVMCR20
3178,3182,OPVMCD20
3183,3188,OPVPRV20
3189,3193,OPVVA20
3194,3198,OPVTRI20
3199,3203,OPVOFD20
3204,3207,OPVSTL20
3208,3212,OPVWCP20
3213,3217,OPVOSR20
3218,3223,OPVPTR20
3224,3228,OPVOTH20
3229,3233,OPSEXP20
3234,3238,OPSTCH20
3239,3242,OPSSLF20
3243,3247,OPSMCR20
3248,3251,OPSMCD20
3252,3256,OPSPRV20
3257,3260,OPSVA20
3261,3264,OPSTRI20
3265,3265,OPSOFD20
3266,3268,OPSSTL20
3269,3273,OPSWCP20
3274,3277,OPSOSR20
3278,3282,OPSPTR20
3283,3286,OPSOTH20
3287,3288,ERTOT20
3289,3294,ERTTCH20
3295,3299,ERTEXP20
3300,3304,ERTSLF20
3305,3309,ERTMCR20
3310,3314,ERTMCD20
3315,3319,ERTPRV20
3320,3324,ERTVA20
3325,3328,ERTTRI20
3329,3332,ERTOFD20
3333,3337,ERTSTL20
3338,3341,ERTWCP20
3342,3346,ERTOSR20
3347,3351,ERTPTR20
3352,3356,ERTOTH20
3357,3362,ERFTCH20
3363,3367,ERFEXP20
3368,3372,ERFSLF20
3373,3377,ERFMCR20
3378,3382,ERFMCD20
3383,3387,ERFPRV20
3388,3392,ERFVA20
3393,3396,ERFTRI20
3397,3400,ERFOFD20
3401,3405,ERFSTL20
3406,3409,ERFWCP20
3410,3414,ERFOSR20
3415,3419,ERFPTR20
3420,3424,ERFOTH20
3425,3428,ERDEXP20
3429,3433,ERDTCH20
3434,3437,ERDSLF20
3438,3441,ERDMCR20
3442,3445,ERDMCD20
3446,3449,ERDPRV20
3450,3452,ERDVA20
3453,3455,ERDTRI20
3456,3456,ERDOFD20
3457,3460,ERDSTL20
3461,3464,ERDWCP20
3465,3468,ERDOSR20
3469,3472,ERDPTR20
3473,3476,ERDOTH20
3477,3478,IPDIS20
3479,3484,IPTEXP20
3485,3491,IPTTCH20
3492,3496,IPTSLF20
3497,3502,IPTMCR20
3503,3508,IPTMCD20
3509,3514,IPTPRV20
3515,3520,IPTVA20
3521,3525,IPTTRI20
3526,3530,IPTOFD20
3531,3535,IPTSTL20
3536,3541,IPTWCP20
3542,3546,IPTOSR20
3547,3552,IPTPTR20
3553,3557,IPTOTH20
3558,3563,IPFEXP20
3564,3570,IPFTCH20
3571,3575,IPFSLF20
3576,3581,IPFMCR20
3582,3587,IPFMCD20
3588,3593,IPFPRV20
3594,3599,IPFVA20
3600,3604,IPFTRI20
3605,3609,IPFOFD20
3610,3614,IPFSTL20
3615,3620,IPFWCP20
3621,3625,IPFOSR20
3626,3631,IPFPTR20
3632,3636,IPFOTH20
3637,3641,IPDEXP20
3642,3647,IPDTCH20
3648,3651,IPDSLF20
3652,3656,IPDMCR20
3657,3660,IPDMCD20
3661,3665,IPDPRV20
3666,3669,IPDVA20
3670,3673,IPDTRI20
3674,3674,IPDOFD20
3675,3677,IPDSTL20
3678,3681,IPDWCP20
3682,3685,IPDOSR20
3686,3690,IPDPTR20
3691,3694,IPDOTH20
3695,3697,IPNGTD20
3698,3699,DVTOT20
3700,3704,DVTTCH20
3705,3709,DVTEXP20
3710,3714,DVTSLF20
3715,3718,DVTMCR20
3719,3723,DVTMCD20
3724,3728,DVTPRV20
3729,3732,DVTVA20
3733,3736,DVTTRI20
3737,3740,DVTOFD20
3741,3743,DVTSTL20
3744,3745,DVTWCP20
3746,3749,DVTOSR20
3750,3754,DVTPTR20
3755,3758,DVTOTH20
3759,3761,HHTOTD20
3762,3764,HHAGD20
3765,3770,HHATCH20
3771,3776,HHAEXP20
3777,3782,HHASLF20
3783,3788,HHAMCR20
3789,3794,HHAMCD20
3795,3799,HHAPRV20
3800,3804,HHAVA20
3805,3808,HHATRI20
3809,3812,HHAOFD20
3813,3818,HHASTL20
3819,3822,HHAWCP20
3823,3826,HHAOSR20
3827,3831,HHAPTR20
3832,3837,HHAOTH20
3838,3840,HHINDD20
3841,3846,HHNTCH20
3847,3852,HHNEXP20
3853,3858,HHNSLF20
3859,3863,HHNMCD20
3864,3867,HHNMCR20
3868,3872,HHNPRV20
3873,3873,HHNVA20
3874,3877,HHNTRI20
3878,3878,HHNOFD20
3879,3881,HHNSTL20
3882,3882,HHNWCP20
3883,3885,HHNOSR20
3886,3890,HHNPTR20
3891,3893,HHNOTH20
3894,3896,HHINFD20
3897,3900,VISEXP20
3901,3904,VISTCH20
3905,3908,VISSLF20
3909,3912,VISMCR20
3913,3916,VISMCD20
3917,3920,VISPRV20
3921,3923,VISVA20
3924,3927,VISTRI20
3928,3930,VISOFD20
3931,3933,VISSTL20
3934,3934,VISWCP20
3935,3937,VISOSR20
3938,3941,VISPTR20
3942,3944,VISOTH20
3945,3949,OTHTCH20
3950,3954,OTHEXP20
3955,3959,OTHSLF20
3960,3964,OTHMCR20
3965,3969,OTHMCD20
3970,3974,OTHPRV20
3975,3979,OTHVA20
3980,3983,OTHTRI20
3984,3988,OTHOFD20
3989,3992,OTHSTL20
3993,3996,OTHWCP20
3997,4001,OTHOSR20
4002,4006,OTHPTR20
4007,4011,OTHOTH20
4012,4014,RXTOT20
4015,4021,RXEXP20
4022,4026,RXSLF20
4027,4033,RXMCR20
4034,4039,RXMCD20
4040,4045,RXPRV20
4046,4051,RXVA20
4052,4056,RXTRI20
4057,4061,RXOFD20
4062,4066,RXSTL20
4067,4071,RXWCP20
4072,4076,RXOSR20
4077,4082,RXPTR20
4083,4087,RXOTH20
4088,4100,PERWT20F
4101,4112,FAMWT20F
4113,4124,FAMWT20C
4125,4137,SAQWT20F
4138,4149,DIABW20F
4150,4153,VARSTR
4154,4154,VARPSU
