old_name,new_name
DUID,panel_encrypted_du_identifier
PID,person_number_portion_of_persid
DUPERSID,person_id_duid_pid
PANEL,panel_number
DATAYEAR,survey_data_year
FAMID31,family_id_student_merged_in_r3_1
FAMID42,family_id_student_merged_in_r4_2
FAMID53,family_id_student_merged_in_r5_3
FAMID22,family_id_student_merged_in_12_31_22
FAMIDYR,annual_family_identifier
CPSFAMID,cps_like_family_identifier
FCSZ1231,fam_size_responding_12_31_cps_family
FCRP1231,ref_person_of_12_31_cps_family
RULETR31,ru_letter_r3_1
RULETR42,ru_letter_r4_2
RULETR53,ru_letter_r5_3
RULETR22,ru_letter_as_of_12_31_22
RUSIZE31,ru_size_r3_1
RUSIZE42,ru_size_r4_2
RUSIZE53,ru_size_r5_3
RUSIZE22,ru_size_as_of_12_31_22
RUCLAS31,ru_fielded_as_standard_new_student_r3_1
RUCLAS42,ru_fielded_as_standard_new_student_r4_2
RUCLAS53,ru_fielded_as_standard_new_student_r5_3
RUCLAS22,ru_fielded_as_standard_new_stud_12_31_22
FAMSZE31,ru_size_including_students_r3_1
FAMSZE42,ru_size_including_students_r4_2
FAMSZE53,ru_size_including_students_r5_3
FAMSZE22,ru_size_including_student_as_of_12_31_22
FMRS1231,member_of_responding_12_31_family
FAMS1231,family_size_of_responding_12_31_family
FAMSZEYR,size_of_responding_annualized_family
FAMRFPYR,reference_person_of_annualized_family
REGION31,census_region_r3_1
REGION42,census_region_r4_2
REGION53,census_region_r5_3
REGION22,census_region_as_of_12_31_22
REFPRS31,reference_person_at_r3_1
REFPRS42,reference_person_at_r4_2
REFPRS53,reference_person_at_r5_3
REFPRS22,reference_person_as_of_12_31_22
RESP31,v_1st_respondent_indicator_for_r3_1
RESP42,v_1st_respondent_indicator_for_r4_2
RESP53,v_1st_respondent_indicator_for_r5_3
RESP22,v_1st_respondent_indicator_as_of_12_31_22
PROXY31,was_respondent_a_proxy_in_r3_1
PROXY42,was_respondent_a_proxy_in_r4_2
PROXY53,was_respondent_a_proxy_in_r5_3
PROXY22,was_respondent_a_proxy_as_of_12_31_22
INTVLANG,language_interview_was_completed
INTVTYPE31,was_interview_in_person_by_phone_or_by_video_r3_1
INTVTYPE42,was_interview_in_person_by_phone_or_by_video_r4_2
INTVTYPE53,was_interview_in_person_by_phone_or_by_video_r5_3
BEGRFM31,r3_1_reference_period_begin_date_month
BEGRFY31,r3_1_reference_period_begin_date_year
ENDRFM31,r3_1_reference_period_end_date_month
ENDRFY31,r3_1_reference_period_end_date_year
BEGRFM42,r4_2_reference_period_begin_date_month
BEGRFY42,r4_2_reference_period_begin_date_year
ENDRFM42,r4_2_reference_period_end_date_month
ENDRFY42,r4_2_reference_period_end_date_year
BEGRFM53,r5_3_reference_period_begin_date_month
BEGRFY53,r5_3_reference_period_begin_date_year
ENDRFM53,r5_3_reference_period_end_date_month
ENDRFY53,r5_3_reference_period_end_date_year
ENDRFM22,v_2022_reference_period_end_date_month
ENDRFY22,v_2022_reference_period_end_date_year
KEYNESS,person_key_status
INSCOP31,inscope_r3_1
INSCOP42,inscope_r4_2
INSCOP53,inscope_r5_3
INSCOP22,inscope_r5_3_start_through_12_31_22
INSC1231,inscope_status_on_12_31_22
INSCOPE,was_person_ever_inscope_in_2022
ELGRND31,eligibility_r3_1
ELGRND42,eligibility_r4_2
ELGRND53,eligibility_r5_3
ELGRND22,eligibility_status_as_of_12_31_22
PSTATS31,person_disposition_status_r3_1
PSTATS42,person_disposition_status_r4_2
PSTATS53,person_disposition_status_r5_3
RURSLT31,ru_result_r3_1
RURSLT42,ru_result_r4_2
RURSLT53,ru_result_r5_3
AGE31X,age_r3_1_edited_imputed
AGE42X,age_r4_2_edited_imputed
AGE53X,age_r5_3_edited_imputed
AGE22X,age_as_of_12_31_22_edited_imputed
AGELAST,person_s_age_last_time_eligible
DOBMM,date_of_birth_month
DOBYY,date_of_birth_year
SEX,sex
RACEV1X,race_edited_imputed_racev1x
RACEV2X,race_edited_imputed_racev2x
RACEAX,asian_among_races_rptd_edited_imputed
RACEBX,black_among_races_rptd_edited_imputed
RACEWX,white_among_races_rptd_edited_imputed
RACETHX,race_ethnicity_edited_imputed
HISPANX,hispanic_ethnicity_edited_imputed_hispanx
HISPNCAT,hispanic_ethnicity_edited_imputed_hispncat
MARRY31X,marital_status_r3_1_edited_imputed
MARRY42X,marital_status_r4_2_edited_imputed
MARRY53X,marital_status_r5_3_edited_imputed
MARRY22X,marital_status_12_31_22_edited_imputed
SPOUID31,spouse_id_r3_1
SPOUID42,spouse_id_r4_2
SPOUID53,spouse_id_r5_3
SPOUID22,spouse_id_12_31_22
SPOUIN31,marital_status_w_spouse_present_r3_1
SPOUIN42,marital_status_w_spouse_present_r4_2
SPOUIN53,marital_status_w_spouse_present_r5_3
SPOUIN22,marital_status_w_spouse_present_12_31_22
EDUCYR,years_of_educ_when_first_entered_meps
HIDEG,highest_degree_when_first_entered_meps
FTSTU31X,student_status_if_ages_17_23_r3_1
FTSTU42X,student_status_if_ages_17_23_r4_2
FTSTU53X,student_status_if_ages_17_23_r5_3
FTSTU22X,student_status_if_ages_17_23_12_31_22
ACTDTY31,military_full_time_active_duty_r3_1
ACTDTY42,military_full_time_active_duty_r4_2
ACTDTY53,military_full_time_active_duty_r5_3
REFRL31X,relation_to_ref_pers_r3_1_edit_imp
REFRL42X,relation_to_ref_pers_r4_2_edit_imp
REFRL53X,relation_to_ref_pers_r5_3_edit_imp
REFRL22X,relation_to_ref_pers_12_31_22_edit_imp
OTHLGSPK,speak_other_language_at_home
WHTLGSPK,what_language_spoken_other_than_english
HWELLSPK,how_well_person_speaks_english
BORNUSA,person_born_in_the_us
YRSINUS,years_person_lived_in_the_us
MOPID31X,pid_of_person_s_mom_rd_3_1
MOPID42X,pid_of_person_s_mom_rd_4_2
MOPID53X,pid_of_person_s_mom_rd_5_3
DAPID31X,pid_of_person_s_dad_rd_3_1
DAPID42X,pid_of_person_s_dad_rd_4_2
DAPID53X,pid_of_person_s_dad_rd_5_3
HIBPDX,high_blood_pressure_diag_17
HIBPAGED,age_of_diagnosis_high_blood_pressure
BPMLDX,mult_diag_high_blood_press_17
CHDDX,coronary_hrt_disease_diag_17
CHDAGED,age_of_diagnosis_coronary_heart_disease
ANGIDX,angina_diagnosis_17
ANGIAGED,age_of_diagnosis_angina
MIDX,heart_attack_mi_diag_17
MIAGED,age_of_diagnosis_heart_attack_mi
OHRTDX,other_heart_disease_diag_17
OHRTAGED,age_of_diagnosis_other_heart_disease
OHRTTYPE,type_of_other_heart_disease_17
STRKDX,stroke_diagnosis_17
STRKAGED,age_of_diagnosis_stroke
EMPHDX,emphysema_diagnosis_17
EMPHAGED,age_of_diagnosis_emphysema
CHBRON31,chronc_bronchits_last_12_mths_17_r3_1
CHOLDX,high_cholesterol_diagnosis_17
CHOLAGED,age_of_diagnosis_high_cholesterol
CANCERDX,cancer_diagnosis_17
CABLADDR,cancer_diagnosed_bladder_17
CABREAST,cancer_diagnosed_breast_17
CACERVIX,cancer_diagnosed_cervical_17
CACOLON,cancer_diagnosed_colon_17
CALUNG,cancer_diagnosed_lung_17
CALYMPH,cancer_diagnosed_lymphoma_non_hodgkin_s_17
CAMELANO,cancer_diagnosed_skin_melanoma_17
CAOTHER,cancer_diagnosed_other_17
CAPROSTA,cancer_diagnosed_prostate_17
CASKINNM,cancer_diagnosed_skin_nonmelano_17
CASKINDK,cancer_diagnosed_skin_unknown_type_17
CAUTERUS,cancer_diagnosed_uterine_17
DIABDX_M18,diabetes_diagnosis
DIABAGED,age_of_diagnosis_diabetes
JTPAIN31_M18,joint_pain_last_12_months_17_rd_3_1
ARTHDX,arthritis_diagnosis_17
ARTHTYPE,type_of_arthritis_diagnosed_17
ARTHAGED,age_of_diagnosis_arthritis
ASTHDX,asthma_diagnosis
ASTHAGED,age_of_diagnosis_asthma
ASSTIL31,does_person_still_have_asthma_rd_3_1
ASATAK31,asthma_attack_last_12_mos_rd_3_1
ASTHEP31,when_was_last_episode_of_asthma_rd_3_1
ASACUT31,used_acute_pres_inhaler_last_3_mos_rd_3_1
ASMRCN31,used_3_acute_cn_pres_inh_last_3_mos_rd_3_1
ASPREV31,ever_used_prev_daily_asthma_meds_rd_3_1
ASDALY31,now_take_prev_daily_asthma_meds_rd_3_1
ASPKFL31,have_peak_flow_meter_at_home_rd_3_1
ASEVFL31,ever_used_peak_flow_meter_rd_3_1
ASWNFL31,when_last_used_peak_flow_meter_rd_3_1
ADHDADDX,adhd_add_diagnosis_5_17
ADHDAGED,age_of_diagnosis_adhd_add
COVIDEVER53,ever_had_covid_19_rd_5_3
LCEVER53,ever_had_covid_19_symptoms_lasting_3_months_long_covid_rd_5
COVSYMNOW53,has_covid_19_or_long_covid_19_symptoms_now_rd_5_3
COVREDABIL53,reduced_ability_from_covid_19_or_long_covid_19_symptoms_rd_5
COVID12MO53,had_covid_19_in_the_past_12_months_rd_5_3
COVMNTHX53,month_last_had_covid_19_rd_5_3
COVYRDX53,year_last_had_covid_19_rd_5_3
RTHLTH31,perceived_health_status_rd_3_1
RTHLTH42,perceived_health_status_rd_4_2
RTHLTH53,perceived_health_status_rd_5_3
MNHLTH31,perceived_mental_health_status_rd_3_1
MNHLTH42,perceived_mental_health_status_rd_4_2
MNHLTH53,perceived_mental_health_status_rd_5_3
IADLHP31,iadl_screener_rd_3_1
ADLHLP31,adl_screener_rd_3_1
AIDHLP31,used_assistive_devices_rd_3_1
WLKLIM31,limitation_in_physical_functioning_rd_3_1
LFTDIF31,difficulty_lifting_10_pounds_rd_3_1
STPDIF31,difficulty_walking_up_10_steps_rd_3_1
WLKDIF31,difficulty_walking_3_blocks_rd_3_1
MILDIF31,difficulty_walking_a_mile_rd_3_1
STNDIF31,difficulty_standing_20_minutes_rd_3_1
BENDIF31,difficulty_bending_stooping_rd_3_1
RCHDIF31,difficulty_reaching_overhead_rd_3_1
FNGRDF31,difficulty_using_fingers_to_grasp_rd_3_1
ACTLIM31,any_limitation_work_housewrk_schl_rd_3_1
WRKLIM31,work_limitation_rd_3_1
HSELIM31,housework_limitation_rd_3_1
SCHLIM31,school_limitation_rd_3_1
UNABLE31,completely_unable_to_do_activity_rd_3_1
SOCLIM31,social_limitations_rd_3_1
COGLIM31,cognitive_limitations_rd_3_1
DFHEAR42,serious_difficulty_hearing_rd_4_2
DFSEE42,serious_difficulty_see_w_glasses_rd_4_2
DFCOG42,serious_cognitive_difficulties_rd_4_2
DFWLKC42,serious_difculty_wlk_climb_stairs_rd_4_2
DFDRSB42,difficulty_dressing_bathing_rd_4_2
DFERND42,difficulty_doing_errands_alone_rd_4_2
ANYLMI22,any_limitation_in_p24r7_8_p26r3_4_p27r1_2
CHPMED42,cshcn_child_needs_prescrb_med_0_17_r4_2
CHPMHB42,cshcn_pmed_for_hlth_behv_cond_0_17_r4_2
CHPMCN42,cshcn_pmed_cond_last_12_mos_0_17_r4_2
CHSERV42,cshcn_chld_needs_med_oth_serv_0_17_r4_2
CHSRHB42,cshcn_serv_for_hlth_behv_cond_0_17_r4_2
CHSRCN42,cshcn_serv_cond_last_12_mos_0_17_r4_2
CHLIMI42,cshcn_limited_in_any_way_0_17_r4_2
CHLIHB42,cshcn_limt_for_hlth_behv_cond_0_17_r4_2
CHLICO42,cshcn_limit_cond_last_12_mos_0_17_r4_2
CHTHER42,cshcn_chld_needs_spec_therapy_0_17_r4_2
CHTHHB42,cshcn_spec_ther_for_hlth_cond_0_17_r4_2
CHTHCO42,cshcn_ther_cond_last_12_mos_0_17_r4_2
CHCOUN42,cshcn_child_needs_counseling_0_17_r4_2
CHEMPB42,cshcn_couns_prob_last_12_mos_0_17_r4_2
CSHCN42,cshcn_child_w_spec_hc_needs_0_17_r4_2
MESHGT42,doctor_ever_measured_height_0_17_r4_2
WHNHGT42,when_doctor_measured_height_0_17_r4_2
MESWGT42,doctor_ever_measured_weight_0_17_r4_2
WHNWGT42,when_doctor_measured_weight_0_17_r4_2
CHBMIX42,child_s_body_mass_index_6_17_r4_2
MESVIS42,doctor_checked_child_s_vision_3_6_r4_2
EATHLT42,dr_advise_eat_healthy_2_17_r4_2
WHNEAT42,when_dr_advise_eat_healthy_2_17_r4_2
PHYSCL42,dr_advise_exercise_2_17_r4_2
WHNPHY42,when_dr_advise_exercise_2_17_r4_2
SAFEST42,dr_advise_chld_safety_seat_wt_40_r4_2
WHNSAF42,when_dr_advise_safety_seat_wt_40_r4_2
BOOST42,dr_advise_booster_seat_40_wt_80_r4_2
WHNBST42,when_dr_advise_boost_seat_40_wt_80_r4_2
LAPBLT42,dr_advise_lap_shoulder_belt_80_wt_r4_2
WHNLAP42,whn_dr_advise_lap_shldr_blt_80_wt_r4_2
HELMET42,dr_advise_bike_helmet_2_17_r4_2
WHNHEL42,when_dr_advise_bike_helmet_2_17_r4_2
NOSMOK42,dr_advise_smkg_in_home_is_bad_0_17_r4_2
WHNSMK42,whn_dr_advis_smkg_in_home_bad_0_17_r4_2
TIMALN42,doctor_spend_any_time_alone_12_17_r4_2
LSTETH53,lost_all_uppr_and_lowr_teeth_17_rd_5_3
PHYEXE53,mod_vig_phys_exec_5x_wk_17_rd_5_3
OFTSMK53,how_oftn_smoke_cigarettes_17_rd_5_3
COVAXEVR31,ever_had_covid_19_vaccine_rd_3_1
COVAXEVR42,ever_had_covid_19_vaccine_rd_4_2
COVAXEVR53,ever_had_covid_19_vaccine_rd_5_3
BOOSTERSHOT31,ever_had_covid_19_booster_shot_rd_3_1
BOOSTERSHOT42,ever_had_covid_19_booster_shot_rd_4_2
COVAXNEW53,had_covid_19_vaccine_since_prior_round_rd_5_3
SAQELIG,eligibility_status_for_saq
ADPROX42,saq_relationship_of_proxy_to_adult
ADSEX42,saq_survey_gender
ADAGE42,saq_survey_age
ADGENH42,saq_health_in_general_vr_12
ADDAYA42,saq_hlth_limits_mod_activities_vr_12
ADCLIM42,saq_hlth_limits_climbing_stairs_vr_12
ADACLS42,saq_4wks_accmp_less_b_c_phy_prbs_vr_12
ADWKLM42,saq_4wks_work_limt_b_c_phy_probs_vr_12
ADEMLS42,saq_4wks_accmp_less_b_c_mnt_prbs_vr_12
ADMWCF42,saq_4wks_work_limt_b_c_mnt_probs_vr_12
ADPAIN42,saq_4wks_pain_limits_normal_work_vr_12
ADPCFL42,saq_4wks_felt_calm_peaceful_vr_12
ADENGY42,saq_4wks_had_a_lot_of_energy_vr_12
ADPRST42,saq_4wks_felt_downhearted_depr_vr_12
ADSOCA42,saq_4wks_hlth_stopped_soc_activ_vr_12
ADCOMPAN42,saq_feel_lack_companionship
ADLEFTOUT42,saq_feel_left_out
ADISOL42,saq_feel_isolated
ADNERV42,saq_30_days_how_often_felt_nervous
ADHOPE42,saq_30_days_how_often_felt_hopeless
ADREST42,saq_30_days_how_often_felt_restless
ADSAD42,saq_30_days_how_often_felt_sad
ADEFRT42,saq_30_days_how_oftn_everythng_an_effort
ADWRTH42,saq_30_days_how_often_felt_worthless
K6SUM42,saq_30_days_overall_rating_of_feelings
ADINTR42,saq_2_wks_little_interest_in_things
ADDPRS42,saq_2_wks_felt_down_depressed_hopeless
PHQ242,saq_2_wks_overall_rating_of_feelings
ADSLEEP42,saq_how_often_trouble_with_sleep
ADDAYEXER42,saq_30_days_avg_days_per_wk_mod_exrcs
ADMINSEXER42,saq_30_days_min_per_day_mod_exrcs
ADASKALC42,saq_12_mths_alcohol_consumption
ADNUMDRK42,saq_12_mths_number_drinks_typical_day
ADRNK542_M20,saq_12_mths_usually_have_5_drinks_per_drinking_day
ADRNK442_M20,saq_12_mths_usually_have_4_drinks_per_drinking_day
ADOFTALC42,saq_12_mths_asked_how_much_or_often_alcohol
ADSTAL42,saq_12_mths_advised_to_stop_alcohol
ADMNTRT42,saq_12_mths_get_counsel_trtment_medicine
ADUNABTRT42,saq_12_mths_not_get_needed_counsel_trtment
ADPROBTRT42,saq_12_mths_problem_needed_counsel_trtment
ADTRTEXP42,saq_worry_family_finance_stability_m_health
ADLATERENT42,saq_12_mos_pay_rent_mortg_late
ADLATEUTIL42,saq_12_mos_pay_utility_late
ADMISSCCLN42,saq_12_mos_miss_card_or_loan_pymt
ADDEBT42,saq_12_mos_contact_collection
ADUNEXPEXP42,saq_cover_unexpected_expense
ADBRTC42,saq_12_mths_birth_control_counseling_or_info
ADMDVT42,saq_last_time_dr_visit
ADFLST42,saq_12_mths_flu_vaccination
ADWGHD42,saq_12_mths_weighed_by_professional
ADWTAD42,saq_12_mths_weight_management_advice
ADTBAC42,saq_12_mths_did_dr_ask_about_tobacco
ADOFTB42,saq_12_mths_how_often_use_tobacco
ADQTTB42,saq_12_mths_did_dr_advise_quit_tobacco
ADQTMD42,saq_12_mths_dr_advs_meds_to_quit_tobac
ADQTHP42,saq_12_mths_dr_advs_oth_way_quit_tobac
ADMOOD42,saq_12_mths_dr_ask_anxious_deprssed
ADBPCK42,saq_24_mths_dr_check_blood_pressure
ADCHLC42,saq_5_yrs_dr_check_cholesterol
ADPNEU42,saq_ever_had_pneumonia_shot
ADSHNG42,saq_ever_had_shingles_vaccine
ADNOAP42,saq_can_t_take_asprin_for_med_reason
ADDSCU42,saq_discuss_aspirin_preventive_use
ADCOLN42,saq_had_colon_cancer_colon_removed
ADCLNS42,saq_10_yrs_had_colonoscopy
ADSGMD42,saq_5_yrs_had_sigmoidoscopy
ADBLDS42,saq_12_mths_at_home_blood_stool_test
ADPROS42,saq_had_prostate_cancer
ADPSAG42,saq_age_last_psa_test
ADUTRM42,saq_had_hystrctmy_crvcl_cancer
ADPAP42,saq_5_yrs_had_pap_smear_test
ADPAPG42,saq_age_at_last_pap_smear_test
ADOSTP42,saq_dx_with_osteoporosis
ADBNDN42,saq_bone_density_scan
ADBRST42,saq_have_brst_cancer_brst_removed
ADMMGR42,saq_2_yrs_had_mammogram
VPCS42,saq_phy_component_summry_vr_12_imputed
VMCS42,saq_mnt_component_summry_vr_12_imputed
VRFLAG42,saq_vpcs42_vmcs42_imputation_flag_vr_12
ADCMPM42,saq_date_completed_month
ADCMPY42,saq_date_completed_year
ADLANG42,saq_language_of_saq_interview
ADBMI42,adult_body_mass_index_17_rd_4_2
DCSELIG,eligibility_status_for_dcs
DSDIA53,dcs_diabetes_diagnosis_by_health_prof
DSA1C53,dcs_times_tested_for_a_one_c_in_2022
DSFT2353,dcs_had_feet_checked_during_2023
DSFT2253,dcs_had_feet_checked_during_2022
DSFT2153,dcs_had_feet_checked_during_2021
DSFB2153,dcs_had_feet_checked_before_2021
DSFTNV53,dcs_never_had_feet_checked
DSEY2353,dcs_dilated_eye_exam_in_2023
DSEY2253,dcs_dilated_eye_exam_in_2022
DSEY2153,dcs_dilated_eye_exam_in_2021
DSEB2153,dcs_dilated_eye_exam_before_2021
DSEYNV53,dcs_never_had_dilated_eye_exam
DSCH2353,dcs_blood_cholesterol_checked_in_2023
DSCH2253,dcs_blood_cholesterol_checked_in_2022
DSCH2153,dcs_blood_cholesterol_checked_in_2021
DSCB2153,dcs_blood_cholesterol_checked_bef_2021
DSCHNV53,dcs_never_had_blood_cholesterol_checked
DSFL2353,dcs_got_flu_vaccination_in_2023
DSFL2253,dcs_got_flu_vaccination_in_2022
DSFL2153,dcs_got_flu_vaccination_in_2021
DSVB2153,dcs_got_flu_vaccination_before_2021
DSFLNV53,dcs_never_got_flu_vaccination
DSKIDN53,dcs_has_diabetes_caused_kidney_problems
DSEYPR53,dcs_has_diabetes_caused_eye_probs
DSDIET53,dcs_treat_diabetes_w_diet_modification
DSMED53,dcs_treat_diabetes_w_meds_by_mouth
DSINSU53,dcs_treat_diabetes_w_insulin_injections
DSCPCP53,dcs_learned_care_from_primary_care_prov
DSCNPC53,dcs_learned_care_from_other_provider
DSCPHN53,dcs_learn_care_from_phone_call_w_prov
DSCINT53,dcs_learned_care_from_reading_internet
DSCGRP53,dcs_learned_care_by_taking_group_class
DSCONF53,dcs_confident_taking_care_of_diabetes
DSPRX53,dcs_was_respondent_a_proxy
DDNWRK22,days_missed_work_due_to_ill_inj_2022
OTHDYS22,miss_any_work_day_to_care_for_oth_2022
OTHNDD22,day_missed_work_to_care_for_oth_2022
ACCELI42,pers_eligible_for_access_supplement_r4_2
HAVEUS42,does_person_have_usc_provider_r4_2
PRACTP42,provider_own_group_practice_r4_2
YNOUSC42_M18,main_reas_pers_doesnt_have_usc_r4_2
PROVTY42_M18,provider_type_r4_2
PLCTYP42,usc_type_of_place_r4_2
TMTKUS42,how_long_it_takes_get_to_usc_r4_2
TYPEPE42,usc_type_of_provider_r4_2
LOCATN42,usc_location_r4_2
HSPLAP42,is_provider_hispanic_or_latino_r4_2
WHITPR42,is_provider_white_r4_2
BLCKPR42,is_provider_black_african_amer_r4_2
ASIANP42,is_provider_asian_r4_2
NATAMP42,is_provider_native_american_r4_2
PACISP42,is_provider_oth_pacific_islndr_r4_2
OTHRCP42,is_provider_some_other_race_r4_2
GENDRP42,is_provider_male_or_female_r4_2
PHNREG42,how_diff_contact_usc_by_phone_r4_2
OFFHOU42,usc_has_offce_hrs_nghts_wkends_r4_2
AFTHOU42,how_diff_contact_usc_aft_hours_r4_2
TREATM42,prov_ask_about_oth_treatments_r4_2
DECIDE42,prov_asks_pers_to_help_decide_r4_2
EXPLOP42,prov_explns_options_to_pers_r4_2
PRVSPK42,prov_speaks_person_s_language_r4_2
DLAYCA42,delay_med_care_for_cost_r4_2
AFRDCA42,could_not_afford_med_care_r4_2
DLAYDN42,delay_getting_dental_for_cost_r4_2
AFRDDN42,could_not_afford_dental_care_r4_2
DLAYPM42,delay_getting_pmed_for_cost_r4_2
AFRDPM42,could_not_afford_pmed_care_r4_2
EMPST31,employment_status_rd_3_1
EMPST42,employment_status_rd_4_2
EMPST53,employment_status_rd_5_3
RNDFLG31,data_collection_round_for_rd_3_1_cmj
MORJOB31,has_more_than_one_job_rd_3_1_int_date
MORJOB42,has_more_than_one_job_rd_4_2_int_date
MORJOB53,has_more_than_one_job_rd_5_3_int_date
EVRWRK,ever_wrkd_for_pay_in_life_as_of_12_31_22
HRWG31X,hourly_wage_rd_3_1_cmj_imp_hrwg31x
HRWG42X,hourly_wage_rd_4_2_cmj_imp_hrwg42x
HRWG53X,hourly_wage_rd_5_3_cmj_imp_hrwg53x
HRWGIM31,hrwg31x_imputation_flag
HRWGIM42,hrwg42x_imputation_flag
HRWGIM53,hrwg53x_imputation_flag
HRHOW31,how_hourly_wage_was_calculated_rd_3_1
HRHOW42,how_hourly_wage_was_calculated_rd_4_2
HRHOW53,how_hourly_wage_was_calculated_rd_5_3
DIFFWG31,persons_wages_different_this_rd_3_1_at_cmj
DIFFWG42,persons_wages_different_this_rd_4_2_at_cmj
DIFFWG53,persons_wages_different_this_rd_5_3_at_cmj
NHRWG31,updated_hrly_wage_rd_3_1_cmj_edited
NHRWG42,updated_hrly_wage_rd_4_2_cmj_edited
NHRWG53,updated_hrly_wage_rd_5_3_cmj_edited
HOUR31,hours_per_week_at_rd_3_1_cmj
HOUR42,hours_per_week_at_rd_4_2_cmj
HOUR53,hours_per_week_at_rd_5_3_cmj
TEMPJB31,is_cmj_a_temporary_job_rd_3_1
TEMPJB42,is_cmj_a_temporary_job_rd_4_2
TEMPJB53,is_cmj_a_temporary_job_rd_5_3
SSNLJB31,is_cmj_a_seasonal_job_rd_3_1
SSNLJB42,is_cmj_a_seasonal_job_rd_4_2
SSNLJB53,is_cmj_a_seasonal_job_rd_5_3
SELFCM31,self_employed_at_rd_3_1_cmj
SELFCM42,self_employed_at_rd_4_2_cmj
SELFCM53,self_employed_at_rd_5_3_cmj
DISVW31X,disavowed_health_ins_at_rd_3_1_cmj_ed
DISVW42X,disavowed_health_ins_at_rd_4_2_cmj_ed
DISVW53X,disavowed_health_ins_at_rd_5_3_cmj_ed
CHOIC31,choice_of_health_plans_at_rd_3_1_cmj
CHOIC42,choice_of_health_plans_at_rd_4_2_cmj
CHOIC53,choice_of_health_plans_at_rd_5_3_cmj
INDCAT31,industry_group_rd_3_1_cmj
INDCAT42,industry_group_rd_4_2_cmj
INDCAT53,industry_group_rd_5_3_cmj
NUMEMP31,number_of_employees_at_rd_3_1_cmj
NUMEMP42,number_of_employees_at_rd_4_2_cmj
NUMEMP53,number_of_employees_at_rd_5_3_cmj
MORE31,rd_3_1_cmj_firm_has_more_than_1_location
MORE42,rd_4_2_cmj_firm_has_more_than_1_location
MORE53,rd_5_3_cmj_firm_has_more_than_1_location
UNION31,union_status_at_rd_3_1_cmj
UNION42,union_status_at_rd_4_2_cmj
UNION53,union_status_at_rd_5_3_cmj
NWK31,reason_not_working_during_rd_3_1
NWK42,reason_not_working_during_rd_4_2
NWK53,reason_not_working_during_rd_5_3
CHGJ3142,changed_job_between_rd_3_1_and_rd_4_2
CHGJ4253,changed_job_between_rd_4_2_and_rd_5_3
YCHJ3142,why_chngd_job_between_rd_3_1_and_rd_4_2
YCHJ4253,why_chngd_job_between_rd_4_2_and_rd_5_3
STJBMM31,month_started_rd_3_1_cmj
STJBYY31,year_started_rd_3_1_cmj
STJBMM42,month_started_rd_4_2_cmj
STJBYY42,year_started_rd_4_2_cmj
STJBMM53,month_started_rd_5_3_cmj
STJBYY53,year_started_rd_5_3_cmj
EVRETIRE,person_has_ever_retired
OCCCAT31,occupation_group_rd_3_1_cmj
OCCCAT42,occupation_group_rd_4_2_cmj
OCCCAT53,occupation_group_rd_5_3_cmj
PAYVAC31,paid_vacation_at_rd_3_1_cmj
PAYVAC42,paid_vacation_at_rd_4_2_cmj
PAYVAC53,paid_vacation_at_rd_5_3_cmj
SICPAY31,paid_sick_leave_at_rd_3_1_cmj
SICPAY42,paid_sick_leave_at_rd_4_2_cmj
SICPAY53,paid_sick_leave_at_rd_5_3_cmj
PAYDR31,paid_leave_to_visit_dr_rd_3_1_cmj
PAYDR42,paid_leave_to_visit_dr_rd_4_2_cmj
PAYDR53,paid_leave_to_visit_dr_rd_5_3_cmj
RETPLN31,pension_plan_at_rd_3_1_cmj
RETPLN42,pension_plan_at_rd_4_2_cmj
RETPLN53,pension_plan_at_rd_5_3_cmj
BSNTY31,sole_prop_partner_corp_rd_3_1_cmj
BSNTY42,sole_prop_partner_corp_rd_4_2_cmj
BSNTY53,sole_prop_partner_corp_rd_5_3_cmj
JOBORG31,priv_profit_nonprofit_gov_rd_3_1_cmj
JOBORG42,priv_profit_nonprofit_gov_rd_4_2_cmj
JOBORG53,priv_profit_nonprofit_gov_rd_5_3_cmj
HELD31X,health_insur_held_from_rd_3_1_cmj_ed
HELD42X,health_insur_held_from_rd_4_2_cmj_ed
HELD53X,health_insur_held_from_rd_5_3_cmj_ed
OFFER31X,health_insur_offered_by_rd_3_1_cmj_ed
OFFER42X,health_insur_offered_by_rd_4_2_cmj_ed
OFFER53X,health_insur_offered_by_rd_5_3_cmj_ed
OFREMP31,employer_offers_health_ins_rd_3_1_cmj
OFREMP42,employer_offers_health_ins_rd_4_2_cmj
OFREMP53,employer_offers_health_ins_rd_5_3_cmj
EMPST31H,employment_status_rd_3_1_imp
EMPST42H,employment_status_rd_4_2_imp
EMPST53H,employment_status_rd_5_3_imp
SLFCM31H,self_employed_at_rd_3_1_cmj_imp
SLFCM42H,self_employed_at_rd_4_2_cmj_imp
SLFCM53H,self_employed_at_rd_5_3_cmj_imp
NMEMP31H,number_of_employees_at_rd_3_1_cmj_imp
NMEMP42H,number_of_employees_at_rd_4_2_cmj_imp
NMEMP53H,number_of_employees_at_rd_5_3_cmj_imp
MORE31H,rd_3_1_cmj_firm_more_than_1_location_imp
MORE42H,rd_4_2_cmj_firm_more_than_1_location_imp
MORE53H,rd_5_3_cmj_firm_more_than_1_location_imp
INDCT31H,industry_group_rd_3_1_cmj_imp
INDCT42H,industry_group_rd_4_2_cmj_imp
INDCT53H,industry_group_rd_5_3_cmj_imp
OCCCT31H,occupation_group_rd_3_1_cmj_imp
OCCCT42H,occupation_group_rd_4_2_cmj_imp
OCCCT53H,occupation_group_rd_5_3_cmj_imp
HOUR31H,hours_per_week_at_rd_3_1_cmj_imp
HOUR42H,hours_per_week_at_rd_4_2_cmj_imp
HOUR53H,hours_per_week_at_rd_5_3_cmj_imp
JBORG31H,prv_st_lc_gov_fed_gov_rd_3_1_cmj_imp
JBORG42H,prv_st_lc_gov_fed_gov_rd_4_2_cmj_imp
JBORG53H,prv_st_lc_gov_fed_gov_rd_5_3_cmj_imp
UNION31H,union_status_at_rd_3_1_cmj_imp
UNION42H,union_status_at_rd_4_2_cmj_imp
UNION53H,union_status_at_rd_5_3_cmj_imp
BSNTY31H,sol_prop_prtnr_corp_rd_3_1_cmj_imp
BSNTY42H,sol_prop_prtnr_corp_rd_4_2_cmj_imp
BSNTY53H,sol_prop_prtnr_corp_rd_5_3_cmj_imp
HRWG31H,hourly_wage_rd_3_1_cmj_imp_hrwg31h
HRWG42H,hourly_wage_rd_4_2_cmj_imp_hrwg42h
HRWG53H,hourly_wage_rd_5_3_cmj_imp_hrwg53h
CMJHLD31,hlth_insur_held_from_rd_3_1_cmj_prpl
CMJHLD42,hlth_insur_held_from_rd_4_2_cmj_prpl
CMJHLD53,hlth_insur_held_from_rd_5_3_cmj_prpl
OFFER31H,health_insur_offered_by_rd_3_1_cmj_imp
OFFER42H,health_insur_offered_by_rd_4_2_cmj_imp
OFFER53H,health_insur_offered_by_rd_5_3_cmj_imp
OFEMP31H,emp_offers_health_ins_rd_3_1_cmj_imp
OFEMP42H,emp_offers_health_ins_rd_4_2_cmj_imp
OFEMP53H,emp_offers_health_ins_rd_5_3_cmj_imp
PYVAC31H,paid_vacation_at_rd_3_1_cmj_imp
PYVAC42H,paid_vacation_at_rd_4_2_cmj_imp
PYVAC53H,paid_vacation_at_rd_5_3_cmj_imp
SCPAY31H,paid_sick_leave_at_rd_3_1_cmj_imp
SCPAY42H,paid_sick_leave_at_rd_4_2_cmj_imp
SCPAY53H,paid_sick_leave_at_rd_5_3_cmj_imp
PAYDR31H,paid_leave_to_visit_dr_rd_3_1_cmj_imp
PAYDR42H,paid_leave_to_visit_dr_rd_4_2_cmj_imp
PAYDR53H,paid_leave_to_visit_dr_rd_5_3_cmj_imp
RTPLN31H,pension_plan_at_rd_3_1_cmj_imp
RTPLN42H,pension_plan_at_rd_4_2_cmj_imp
RTPLN53H,pension_plan_at_rd_5_3_cmj_imp
FILEDR22,has_person_filed_a_fed_income_tax_return
WILFIL22,will_person_file_fed_income_tax_return
FLSTAT22,person_s_filing_status
FILER22,primary_or_secondary_filer
JTINRU22,joint_filer_s_membership_in_ru
JNTPID22,pid_of_secondary_filer
TAXFRM22,tax_form_person_will_file
FOODST22,did_anyone_purchase_food_stamps
FOODMN22,number_of_months_food_stamps_purchased
FOODVL22,monthly_value_of_food_stamps
TTLP22X,person_s_total_income
FAMINC22,family_s_total_income
POVCAT22,family_inc_as_of_poverty_line_categorical
POVLEV22,family_inc_as_of_poverty_line_continuous
WAGEP22X,person_s_wage_income
WAGIMP22,wage_imputation_flag
BUSNP22X,person_s_business_income
BUSIMP22,business_income_imputation_flag
UNEMP22X,person_s_unemployment_comp_income
UNEIMP22,unemployment_imputation_flag
WCMPP22X,person_s_workers_compensation
WCPIMP22,workers_comp_imputation_flag
INTRP22X,person_s_interest_income
INTIMP22,interest_income_imputation_flag
DIVDP22X,person_s_dividend_income
DIVIMP22,dividend_income_imputation_flag
SALEP22X,person_s_sales_income
SALIMP22,sales_income_imputation_flag
PENSP22X,person_s_pension_income
PENIMP22,pension_income_imputation_flag
SSECP22X,person_s_social_security_income
SSCIMP22,social_security_income_imputation_flag
TRSTP22X,person_s_trust_rent_income
TRTIMP22,trust_income_imputation_flag
VETSP22X,person_s_veteran_s_income
VETIMP22,veteran_s_income_imputation_flag
IRASP22X,person_s_ira_income
IRAIMP22,ira_income_imputation_flag
ALIMP22X,person_s_alimony_income
ALIIMP22,alimony_income_imputation_flag
CHLDP22X,person_s_child_support
CHLIMP22,child_support_imputation_flag
CASHP22X,person_s_other_regular_cash_contribution
CSHIMP22,cash_contribution_imputation_flag
SSIP22X,person_s_ssi
SSIIMP22,ssi_imputation_flag
PUBP22X,person_s_public_assistance
PUBIMP22,public_assistance_imputation_flag
OTHRP22X,person_s_other_income
OTHIMP22,other_income_imputation_flag
HIEUIDX,hieu_identifier
TRIJA22X,covered_by_tricare_champva_in_jan22_ed
TRIFE22X,covered_by_tricare_champva_in_feb22_ed
TRIMA22X,covered_by_tricare_champva_in_mar22_ed
TRIAP22X,covered_by_tricare_champva_in_apr22_ed
TRIMY22X,covered_by_tricare_champva_in_may22_ed
TRIJU22X,covered_by_tricare_champva_in_jun22_ed
TRIJL22X,covered_by_tricare_champva_in_jul22_ed
TRIAU22X,covered_by_tricare_champva_in_aug22_ed
TRISE22X,covered_by_tricare_champva_in_sep22_ed
TRIOC22X,covered_by_tricare_champva_in_oct22_ed
TRINO22X,covered_by_tricare_champva_in_nov22_ed
TRIDE22X,covered_by_tricare_champva_in_dec22_ed
MCRJA22,covered_by_medicare_in_jan22
MCRFE22,covered_by_medicare_in_feb22
MCRMA22,covered_by_medicare_in_mar22
MCRAP22,covered_by_medicare_in_apr22
MCRMY22,covered_by_medicare_in_may22
MCRJU22,covered_by_medicare_in_jun22
MCRJL22,covered_by_medicare_in_jul22
MCRAU22,covered_by_medicare_in_aug22
MCRSE22,covered_by_medicare_in_sep22
MCROC22,covered_by_medicare_in_oct22
MCRNO22,covered_by_medicare_in_nov22
MCRDE22,covered_by_medicare_in_dec22
MCRJA22X,covered_by_medicare_in_jan22_ed
MCRFE22X,covered_by_medicare_in_feb22_ed
MCRMA22X,covered_by_medicare_in_mar22_ed
MCRAP22X,covered_by_medicare_in_apr22_ed
MCRMY22X,covered_by_medicare_in_may22_ed
MCRJU22X,covered_by_medicare_in_jun22_ed
MCRJL22X,covered_by_medicare_in_jul22_ed
MCRAU22X,covered_by_medicare_in_aug22_ed
MCRSE22X,covered_by_medicare_in_sep22_ed
MCROC22X,covered_by_medicare_in_oct22_ed
MCRNO22X,covered_by_medicare_in_nov22_ed
MCRDE22X,covered_by_medicare_in_dec22_ed
MCDJA22,cov_by_medicaid_or_schip_in_jan22
MCDFE22,cov_by_medicaid_or_schip_in_feb22
MCDMA22,cov_by_medicaid_or_schip_in_mar22
MCDAP22,cov_by_medicaid_or_schip_in_apr22
MCDMY22,cov_by_medicaid_or_schip_in_may22
MCDJU22,cov_by_medicaid_or_schip_in_jun22
MCDJL22,cov_by_medicaid_or_schip_in_jul22
MCDAU22,cov_by_medicaid_or_schip_in_aug22
MCDSE22,cov_by_medicaid_or_schip_in_sep22
MCDOC22,cov_by_medicaid_or_schip_in_oct22
MCDNO22,cov_by_medicaid_or_schip_in_nov22
MCDDE22,cov_by_medicaid_or_schip_in_dec22
MCDJA22X,cov_by_medicaid_or_schip_in_jan22_ed
MCDFE22X,cov_by_medicaid_or_schip_in_feb22_ed
MCDMA22X,cov_by_medicaid_or_schip_in_mar22_ed
MCDAP22X,cov_by_medicaid_or_schip_in_apr22_ed
MCDMY22X,cov_by_medicaid_or_schip_in_may22_ed
MCDJU22X,cov_by_medicaid_or_schip_in_jun22_ed
MCDJL22X,cov_by_medicaid_or_schip_in_jul22_ed
MCDAU22X,cov_by_medicaid_or_schip_in_aug22_ed
MCDSE22X,cov_by_medicaid_or_schip_in_sep22_ed
MCDOC22X,cov_by_medicaid_or_schip_in_oct22_ed
MCDNO22X,cov_by_medicaid_or_schip_in_nov22_ed
MCDDE22X,cov_by_medicaid_or_schip_in_dec22_ed
GVAJA22,cov_by_other_public_coverage_in_jan22
GVAFE22,cov_by_other_public_coverage_in_feb22
GVAMA22,cov_by_other_public_coverage_in_mar22
GVAAP22,cov_by_other_public_coverage_in_apr22
GVAMY22,cov_by_other_public_coverage_in_may22
GVAJU22,cov_by_other_public_coverage_in_jun22
GVAJL22,cov_by_other_public_coverage_in_jul22
GVAAU22,cov_by_other_public_coverage_in_aug22
GVASE22,cov_by_other_public_coverage_in_sep22
GVAOC22,cov_by_other_public_coverage_in_oct22
GVANO22,cov_by_other_public_coverage_in_nov22
GVADE22,cov_by_other_public_coverage_in_dec22
GVBJA22,cov_by_other_public_hmo_in_jan22
GVBFE22,cov_by_other_public_hmo_in_feb22
GVBMA22,cov_by_other_public_hmo_in_mar22
GVBAP22,cov_by_other_public_hmo_in_apr22
GVBMY22,cov_by_other_public_hmo_in_may22
GVBJU22,cov_by_other_public_hmo_in_jun22
GVBJL22,cov_by_other_public_hmo_in_jul22
GVBAU22,cov_by_other_public_hmo_in_aug22
GVBSE22,cov_by_other_public_hmo_in_sep22
GVBOC22,cov_by_other_public_hmo_in_oct22
GVBNO22,cov_by_other_public_hmo_in_nov22
GVBDE22,cov_by_other_public_hmo_in_dec22
GVCJA22,cov_by_other_public_pays_prem_in_jan22
GVCFE22,cov_by_other_public_pays_prem_in_feb22
GVCMA22,cov_by_other_public_pays_prem_in_mar22
GVCAP22,cov_by_other_public_pays_prem_in_apr22
GVCMY22,cov_by_other_public_pays_prem_in_may22
GVCJU22,cov_by_other_public_pays_prem_in_jun22
GVCJL22,cov_by_other_public_pays_prem_in_jul22
GVCAU22,cov_by_other_public_pays_prem_in_aug22
GVCSE22,cov_by_other_public_pays_prem_in_sep22
GVCOC22,cov_by_other_public_pays_prem_in_oct22
GVCNO22,cov_by_other_public_pays_prem_in_nov22
GVCDE22,cov_by_other_public_pays_prem_in_dec22
VAPJA22,covered_by_va_in_jan22
VAPFE22,covered_by_va_in_feb22
VAPMA22,covered_by_va_in_mar22
VAPAP22,covered_by_va_in_apr22
VAPMY22,covered_by_va_in_may22
VAPJU22,covered_by_va_in_jun22
VAPJL22,covered_by_va_in_jul22
VAPAU22,covered_by_va_in_aug22
VAPSE22,covered_by_va_in_sep22
VAPOC22,covered_by_va_in_oct22
VAPNO22,covered_by_va_in_nov22
VAPDE22,covered_by_va_in_dec22
IHSJA22,cov_by_indian_health_service_in_jan22
IHSFE22,cov_by_indian_health_service_in_feb22
IHSMA22,cov_by_indian_health_service_in_mar22
IHSAP22,cov_by_indian_health_service_in_apr22
IHSMY22,cov_by_indian_health_service_in_may22
IHSJU22,cov_by_indian_health_service_in_jun22
IHSJL22,cov_by_indian_health_service_in_jul22
IHSAU22,cov_by_indian_health_service_in_aug22
IHSSE22,cov_by_indian_health_service_in_sep22
IHSOC22,cov_by_indian_health_service_in_oct22
IHSNO22,cov_by_indian_health_service_in_nov22
IHSDE22,cov_by_indian_health_service_in_dec22
PUBJA22X,covr_by_any_public_ins_in_jan22
PUBFE22X,covr_by_any_public_ins_in_feb22
PUBMA22X,covr_by_any_public_ins_in_mar22
PUBAP22X,covr_by_any_public_ins_in_apr22
PUBMY22X,covr_by_any_public_ins_in_may22
PUBJU22X,covr_by_any_public_ins_in_jun22
PUBJL22X,covr_by_any_public_ins_in_jul22
PUBAU22X,covr_by_any_public_ins_in_aug22
PUBSE22X,covr_by_any_public_ins_in_sep22
PUBOC22X,covr_by_any_public_ins_in_oct22
PUBNO22X,covr_by_any_public_ins_in_nov22
PUBDE22X,covr_by_any_public_ins_in_dec22
PEGJA22,covered_by_empl_union_ins_in_jan22
PEGFE22,covered_by_empl_union_ins_in_feb22
PEGMA22,covered_by_empl_union_ins_in_mar22
PEGAP22,covered_by_empl_union_ins_in_apr22
PEGMY22,covered_by_empl_union_ins_in_may22
PEGJU22,covered_by_empl_union_ins_in_jun22
PEGJL22,covered_by_empl_union_ins_in_jul22
PEGAU22,covered_by_empl_union_ins_in_aug22
PEGSE22,covered_by_empl_union_ins_in_sep22
PEGOC22,covered_by_empl_union_ins_in_oct22
PEGNO22,covered_by_empl_union_ins_in_nov22
PEGDE22,covered_by_empl_union_ins_in_dec22
PDKJA22,covr_by_priv_ins_source_unknwn_jan22
PDKFE22,covr_by_priv_ins_source_unknwn_feb22
PDKMA22,covr_by_priv_ins_source_unknwn_mar22
PDKAP22,covr_by_priv_ins_source_unknwn_apr22
PDKMY22,covr_by_priv_ins_source_unknwn_may22
PDKJU22,covr_by_priv_ins_source_unknwn_jun22
PDKJL22,covr_by_priv_ins_source_unknwn_jul22
PDKAU22,covr_by_priv_ins_source_unknwn_aug22
PDKSE22,covr_by_priv_ins_source_unknwn_sep22
PDKOC22,covr_by_priv_ins_source_unknwn_oct22
PDKNO22,covr_by_priv_ins_source_unknwn_nov22
PDKDE22,covr_by_priv_ins_source_unknwn_dec22
PNGJA22,covered_by_nongroup_ins_in_jan22
PNGFE22,covered_by_nongroup_ins_in_feb22
PNGMA22,covered_by_nongroup_ins_in_mar22
PNGAP22,covered_by_nongroup_ins_in_apr22
PNGMY22,covered_by_nongroup_ins_in_may22
PNGJU22,covered_by_nongroup_ins_in_jun22
PNGJL22,covered_by_nongroup_ins_in_jul22
PNGAU22,covered_by_nongroup_ins_in_aug22
PNGSE22,covered_by_nongroup_ins_in_sep22
PNGOC22,covered_by_nongroup_ins_in_oct22
PNGNO22,covered_by_nongroup_ins_in_nov22
PNGDE22,covered_by_nongroup_ins_in_dec22
POGJA22,covered_by_other_group_ins_in_jan22
POGFE22,covered_by_other_group_ins_in_feb22
POGMA22,covered_by_other_group_ins_in_mar22
POGAP22,covered_by_other_group_ins_in_apr22
POGMY22,covered_by_other_group_ins_in_may22
POGJU22,covered_by_other_group_ins_in_jun22
POGJL22,covered_by_other_group_ins_in_jul22
POGAU22,covered_by_other_group_ins_in_aug22
POGSE22,covered_by_other_group_ins_in_sep22
POGOC22,covered_by_other_group_ins_in_oct22
POGNO22,covered_by_other_group_ins_in_nov22
POGDE22,covered_by_other_group_ins_in_dec22
POEJA22,cov_by_esi_pholder_outside_ru_in_jan22
POEFE22,cov_by_esi_pholder_outside_ru_in_feb22
POEMA22,cov_by_esi_pholder_outside_ru_in_mar22
POEAP22,cov_by_esi_pholder_outside_ru_in_apr22
POEMY22,cov_by_esi_pholder_outside_ru_in_may22
POEJU22,cov_by_esi_pholder_outside_ru_in_jun22
POEJL22,cov_by_esi_pholder_outside_ru_in_jul22
POEAU22,cov_by_esi_pholder_outside_ru_in_aug22
POESE22,cov_by_esi_pholder_outside_ru_in_sep22
POEOC22,cov_by_esi_pholder_outside_ru_in_oct22
POENO22,cov_by_esi_pholder_outside_ru_in_nov22
POEDE22,cov_by_esi_pholder_outside_ru_in_dec22
PNEJA22,cov_by_non_esi_phldr_outside_ru_in_jan22
PNEFE22,cov_by_non_esi_phldr_outside_ru_in_feb22
PNEMA22,cov_by_non_esi_phldr_outside_ru_in_mar22
PNEAP22,cov_by_non_esi_phldr_outside_ru_in_apr22
PNEMY22,cov_by_non_esi_phldr_outside_ru_in_may22
PNEJU22,cov_by_non_esi_phldr_outside_ru_in_jun22
PNEJL22,cov_by_non_esi_phldr_outside_ru_in_jul22
PNEAU22,cov_by_non_esi_phldr_outside_ru_in_aug22
PNESE22,cov_by_non_esi_phldr_outside_ru_in_sep22
PNEOC22,cov_by_non_esi_phldr_outside_ru_in_oct22
PNENO22,cov_by_non_esi_phldr_outside_ru_in_nov22
PNEDE22,cov_by_non_esi_phldr_outside_ru_in_dec22
PRXJA22,cov_by_priv_ins_through_exchng_in_jan22
PRXFE22,cov_by_priv_ins_through_exchng_in_feb22
PRXMA22,cov_by_priv_ins_through_exchng_in_mar22
PRXAP22,cov_by_priv_ins_through_exchng_in_apr22
PRXMY22,cov_by_priv_ins_through_exchng_in_may22
PRXJU22,cov_by_priv_ins_through_exchng_in_jun22
PRXJL22,cov_by_priv_ins_through_exchng_in_jul22
PRXAU22,cov_by_priv_ins_through_exchng_in_aug22
PRXSE22,cov_by_priv_ins_through_exchng_in_sep22
PRXOC22,cov_by_priv_ins_through_exchng_in_oct22
PRXNO22,cov_by_priv_ins_through_exchng_in_nov22
PRXDE22,cov_by_priv_ins_through_exchng_in_dec22
PRIJA22,covered_by_private_ins_in_jan22
PRIFE22,covered_by_private_ins_in_feb22
PRIMA22,covered_by_private_ins_in_mar22
PRIAP22,covered_by_private_ins_in_apr22
PRIMY22,covered_by_private_ins_in_may22
PRIJU22,covered_by_private_ins_in_jun22
PRIJL22,covered_by_private_ins_in_jul22
PRIAU22,covered_by_private_ins_in_aug22
PRISE22,covered_by_private_ins_in_sep22
PRIOC22,covered_by_private_ins_in_oct22
PRINO22,covered_by_private_ins_in_nov22
PRIDE22,covered_by_private_ins_in_dec22
HPEJA22,pholder_of_empl_union_ins_in_jan22
HPEFE22,pholder_of_empl_union_ins_in_feb22
HPEMA22,pholder_of_empl_union_ins_in_mar22
HPEAP22,pholder_of_empl_union_ins_in_apr22
HPEMY22,pholder_of_empl_union_ins_in_may22
HPEJU22,pholder_of_empl_union_ins_in_jun22
HPEJL22,pholder_of_empl_union_ins_in_jul22
HPEAU22,pholder_of_empl_union_ins_in_aug22
HPESE22,pholder_of_empl_union_ins_in_sep22
HPEOC22,pholder_of_empl_union_ins_in_oct22
HPENO22,pholder_of_empl_union_ins_in_nov22
HPEDE22,pholder_of_empl_union_ins_in_dec22
HPDJA22,pholder_of_priv_ins_source_unknwn_jan22
HPDFE22,pholder_of_priv_ins_source_unknwn_feb22
HPDMA22,pholder_of_priv_ins_source_unknwn_mar22
HPDAP22,pholder_of_priv_ins_source_unknwn_apr22
HPDMY22,pholder_of_priv_ins_source_unknwn_may22
HPDJU22,pholder_of_priv_ins_source_unknwn_jun22
HPDJL22,pholder_of_priv_ins_source_unknwn_jul22
HPDAU22,pholder_of_priv_ins_source_unknwn_aug22
HPDSE22,pholder_of_priv_ins_source_unknwn_sep22
HPDOC22,pholder_of_priv_ins_source_unknwn_oct22
HPDNO22,pholder_of_priv_ins_source_unknwn_nov22
HPDDE22,pholder_of_priv_ins_source_unknwn_dec22
HPNJA22,pholder_of_nongroup_ins_in_jan22
HPNFE22,pholder_of_nongroup_ins_in_feb22
HPNMA22,pholder_of_nongroup_ins_in_mar22
HPNAP22,pholder_of_nongroup_ins_in_apr22
HPNMY22,pholder_of_nongroup_ins_in_may22
HPNJU22,pholder_of_nongroup_ins_in_jun22
HPNJL22,pholder_of_nongroup_ins_in_jul22
HPNAU22,pholder_of_nongroup_ins_in_aug22
HPNSE22,pholder_of_nongroup_ins_in_sep22
HPNOC22,pholder_of_nongroup_ins_in_oct22
HPNNO22,pholder_of_nongroup_ins_in_nov22
HPNDE22,pholder_of_nongroup_ins_in_dec22
HPOJA22,pholder_of_other_group_ins_in_jan22
HPOFE22,pholder_of_other_group_ins_in_feb22
HPOMA22,pholder_of_other_group_ins_in_mar22
HPOAP22,pholder_of_other_group_ins_in_apr22
HPOMY22,pholder_of_other_group_ins_in_may22
HPOJU22,pholder_of_other_group_ins_in_jun22
HPOJL22,pholder_of_other_group_ins_in_jul22
HPOAU22,pholder_of_other_group_ins_in_aug22
HPOSE22,pholder_of_other_group_ins_in_sep22
HPOOC22,pholder_of_other_group_ins_in_oct22
HPONO22,pholder_of_other_group_ins_in_nov22
HPODE22,pholder_of_other_group_ins_in_dec22
HPXJA22,pholder_of_priv_ins_through_exch_in_jan22
HPXFE22,pholder_of_priv_ins_through_exch_in_feb22
HPXMA22,pholder_of_priv_ins_through_exch_in_mar22
HPXAP22,pholder_of_priv_ins_through_exch_in_apr22
HPXMY22,pholder_of_priv_ins_through_exch_in_may22
HPXJU22,pholder_of_priv_ins_through_exch_in_jun22
HPXJL22,pholder_of_priv_ins_through_exch_in_jul22
HPXAU22,pholder_of_priv_ins_through_exch_in_aug22
HPXSE22,pholder_of_priv_ins_through_exch_in_sep22
HPXOC22,pholder_of_priv_ins_through_exch_in_oct22
HPXNO22,pholder_of_priv_ins_through_exch_in_nov22
HPXDE22,pholder_of_priv_ins_through_exch_in_dec22
HPRJA22,pholder_of_private_insurance_in_jan22
HPRFE22,pholder_of_private_insurance_in_feb22
HPRMA22,pholder_of_private_insurance_in_mar22
HPRAP22,pholder_of_private_insurance_in_apr22
HPRMY22,pholder_of_private_insurance_in_may22
HPRJU22,pholder_of_private_insurance_in_jun22
HPRJL22,pholder_of_private_insurance_in_jul22
HPRAU22,pholder_of_private_insurance_in_aug22
HPRSE22,pholder_of_private_insurance_in_sep22
HPROC22,pholder_of_private_insurance_in_oct22
HPRNO22,pholder_of_private_insurance_in_nov22
HPRDE22,pholder_of_private_insurance_in_dec22
INSJA22X,covr_by_hosp_med_ins_in_jan22
INSFE22X,covr_by_hosp_med_ins_in_feb22
INSMA22X,covr_by_hosp_med_ins_in_mar22
INSAP22X,covr_by_hosp_med_ins_in_apr22
INSMY22X,covr_by_hosp_med_ins_in_may22
INSJU22X,covr_by_hosp_med_ins_in_jun22
INSJL22X,covr_by_hosp_med_ins_in_jul22
INSAU22X,covr_by_hosp_med_ins_in_aug22
INSSE22X,covr_by_hosp_med_ins_in_sep22
INSOC22X,covr_by_hosp_med_ins_in_oct22
INSNO22X,covr_by_hosp_med_ins_in_nov22
INSDE22X,covr_by_hosp_med_ins_in_dec22
PRVEV22,ever_have_private_insurance_during_2022
TRIEV22,ever_have_tricare_champva_during_2022
MCREV22,ever_have_medicare_during_2022_ed
MCDEV22,ever_have_mcaid_schip_during_2022_ed
VAEV22,ever_have_va_during_2022
GVAEV22,ever_have_other_public_during_2022
GVBEV22,ever_have_other_public_hmo_during_2022
GVCEV22,ever_have_oth_pub_pays_prem_during_2022
UNINS22,uninsured_all_of_2022
INSCOV22,health_insurance_coverage_indicator_2022
INSURC22,full_year_insurance_coverage_status_2022
TRICH31X,covered_by_champva_any_time_in_r3_1
TRICH42X,covered_by_champva_any_time_in_r4_2
TRICH22X,covered_by_champva_r5_3_until_12_31_22
TRI31X,cov_by_tricare_any_time_in_r3_1
TRI42X,cov_by_tricare_any_time_in_r4_2
TRI22X,cov_by_tricare_r5_3_til_12_31_22
MCRPHD22,cov_by_medicare_mnged_care_dntl_benefit_12_31_22
MCRPD31,cov_by_medicare_pmed_benefit_r3_1
MCRPD42,cov_by_medicare_pmed_benefit_r4_2
MCRPD22,cov_by_medicare_pmed_benefit_12_31_22
MCRPD31X,cov_by_medicare_pmed_benefit_r3_1_ed
MCRPD42X,cov_by_medicare_pmed_benefit_r4_2_ed
MCRPD22X,cov_by_mcare_pmed_benefit_12_31_22_ed
MCRPHO31,cov_by_medicare_managed_care_medicare_advantage_r3_1
MCRPHO42,cov_by_medicare_managed_care_medicare_advantage_r4_2
MCRPHO22,cov_by_medicare_managed_care_medicare_advantage_12_31_22
MCDHMO31,cov_by_mcaid_schip_hmo_any_time_in_r3_1
MCDHMO42,cov_by_mcaid_schip_hmo_any_time_in_r4_2
MCDHMO22,cov_by_mcaid_schip_hmo_r5_3_til_12_31_22
MCDMC31,cv_mcaid_chip_gtkpr_pln_any_time_in_r3_1
MCDMC42,cv_mcaid_chip_gtkpr_pln_any_time_in_r4_2
MCDMC22,cv_mcd_chip_gtkpr_pln_r5_3_til_12_31_22
PRVHMO31,covered_by_private_hmo_any_time_in_r3_1
PRVHMO42,covered_by_private_hmo_any_time_in_r4_2
PRVHMO22,covered_by_private_hmo_r5_3_til_12_31_22
FSAGT31,anyone_in_ru_have_fsa_r3_1
HASFSA31,person_is_fsa_holder_r3_1
PFSAMT31,person_level_fsa_total_amount_r3_1
PREVCOVR,per_cov_by_ins_in_prev_2_yrs_pnl_27_only
MORECOVR,cov_by_mor_compr_pl_prev_2_yr_pn_27_only
TRICR31X,cov_by_tricr_chamv_r3_1_int_dt_ed
TRICR42X,cov_by_tricr_chamv_r4_2_int_dt_ed
TRICR53X,cov_by_tricr_chamv_12_31_r3_int_dt_ed
TRICR22X,cov_by_tricr_chamv_12_31_22_ed
TRIAT31X,cov_tricare_champva_any_time_in_r3_1
TRIAT42X,cov_tricare_champva_any_time_in_r4_2
TRIAT53X,cov_tricare_champva_any_time_in_r5_3
TRIAT22X,cov_tricare_champva_r5_3_until_12_31_22
MCAID31,cov_by_medicaid_or_schip_r3_1_int_dt
MCAID42,cov_by_medicaid_or_schip_r4_2_int_dt
MCAID53,cov_by_medicaid_or_schip_12_31_r3_int_dt
MCAID22,cov_by_medicaid_or_schip_12_31_22
MCAID31X,cov_by_medicaid_schip_r3_1_int_dt_ed
MCAID42X,cov_by_medicaid_schip_r4_2_int_dt_ed
MCAID53X,cov_medicaid_schip_12_31_r3_int_dt_ed
MCAID22X,cov_by_medicaid_or_schip_12_31_22_ed
MCARE31,cov_by_medicare_r3_1_int_dt
MCARE42,cov_by_medicare_r4_2_int_dt
MCARE53,cov_by_medicare_12_31_r3_int_dt
MCARE22,cov_by_medicare_12_31_22
MCARE31X,cov_by_medicare_r3_1_int_dt_ed
MCARE42X,cov_by_medicare_r4_2_int_dt_ed
MCARE53X,cov_by_medicare_12_31_r3_int_dt_ed
MCARE22X,cov_by_medicare_12_31_22_ed
MCDAT31X,cov_medicaid_or_schip_any_time_in_r3_1
MCDAT42X,cov_medicaid_or_schip_any_time_in_r4_2
MCDAT53X,cov_medicaid_or_schip_any_time_in_r5_3
MCDAT22X,cv_mcd_chip_any_tme_in_r5_3_til_12_31_22
GOVTA31,cov_by_other_public_cov_r3_1_int_dt
GOVTA42,cov_by_other_public_cov_r4_2_int_dt
GOVTA53,cov_by_other_public_cov_12_31_r3_int_dt
GOVTA22,cov_by_other_public_cov_12_31_22
GOVAAT31,cov_by_other_public_any_time_in_r3_1
GOVAAT42,cov_by_other_public_any_time_in_r4_2
GOVAAT53,cov_by_other_public_any_time_in_r5_3
GOVAAT22,cv_oth_pub_any_tme_in_r5_3_til_12_31_22
GOVTB31,cov_by_oth_pub_hmo_r3_1_int_dt
GOVTB42,cov_by_oth_pub_hmo_r4_2_int_dt
GOVTB53,cov_by_oth_pub_hmo_12_31_r3_int_dt
GOVTB22,cov_by_oth_pub_hmo_12_31_22
GOVBAT31,cov_by_oth_pub_hmo_any_time_in_r3_1
GOVBAT42,cov_by_oth_pub_hmo_any_time_in_r4_2
GOVBAT53,cov_by_oth_pub_hmo_any_time_in_r5_3
GOVBAT22,cov_oth_pb_hmo_any_tm_r5_3_til_12_31_22
GOVTC31,cov_by_oth_pub_pays_prem_r3_1_int_dt
GOVTC42,cov_by_oth_pub_pays_prem_r4_2_int_dt
GOVTC53,cov_by_oth_pub_pays_prem_12_31_r3_int_dt
GOVTC22,cov_by_oth_pub_pays_prem_12_31_22
GOVCAT31,cv_by_oth_pub_pays_prem_any_time_in_r3_1
GOVCAT42,cv_by_oth_pub_pays_prem_any_time_in_r4_2
GOVCAT53,cv_by_oth_pub_pays_prem_any_time_in_r5_3
GOVCAT22,cv_oth_pub_pays_prem_r5_3_til_12_31_22
VAPROG31,cov_by_va_r3_1_int_dt
VAPROG42,cov_by_va_r4_2_int_dt
VAPROG53,cov_by_va_12_31_r3_int_dt
VAPROG22,cov_by_va_12_31_22
VAPRAT31,cov_by_va_any_time_in_r3_1
VAPRAT42,cov_by_va_any_time_in_r4_2
VAPRAT53,cov_by_va_any_time_in_r5_3
VAPRAT22,cov_by_va_any_tme_in_r5_3_til_12_31_22
IHS31,cv_by_indian_health_service_r3_1_int_dt
IHS42,cv_by_indian_health_service_r4_2_int_dt
IHS53,cv_by_ihs_12_31_r3_int_dt
IHS22,cov_by_ihs_12_31_22
IHSAT31,cov_by_ihs_any_time_in_r3_1
IHSAT42,cov_by_ihs_any_time_in_r4_2
IHSAT53,cov_by_ihs_any_time_in_r5_3
IHSAT22,cov_by_ihs_any_tme_in_r5_3_til_12_31_22
PRIDK31,cov_by_priv_ins_dk_plan_r3_1_int
PRIDK42,cov_by_priv_ins_dk_plan_r4_2_int
PRIDK53,cov_by_priv_ins_dk_plan_12_31_r3_int
PRIDK22,cov_by_priv_ins_dk_plan_12_31_22
PRIEU31,cov_by_empl_union_grp_ins_r3_1_int_dt
PRIEU42,cov_by_empl_union_grp_ins_r4_2_int_dt
PRIEU53,cov_by_empl_union_grp_ins_12_31_r3_int
PRIEU22,cov_by_empl_union_grp_ins_12_31_22
PRING31,cov_by_non_group_ins_r3_1_int_dt
PRING42,cov_by_non_group_ins_r4_2_int_dt
PRING53,cov_by_non_group_ins_12_31_r3_int_dt
PRING22,cov_by_non_group_ins_12_31_22
PRIOG31,cov_by_other_group_ins_r3_1_int_dt
PRIOG42,cov_by_other_group_ins_r4_2_int_dt
PRIOG53,cov_by_other_group_ins_12_31_r3_int_dt
PRIOG22,cov_by_other_group_ins_12_31_22
PRINEO31,cov_by_non_esi_pholdr_out_ru_r3_1_int_dt
PRINEO42,cov_by_non_esi_pholdr_out_ru_r4_2_int_dt
PRINEO53,cov_by_non_esi_pholdr_out_ru_12_31_r3_int_dt
PRINEO22,cov_by_non_esi_pholdr_out_ru_12_31_22
PRIEUO31,cov_by_esi_pholdr_outside_ru_r3_1_int
PRIEUO42,cov_by_esi_pholdr_outside_ru_r4_2_int
PRIEUO53,cv_by_esi_phldr_outside_ru_12_31_r3_int
PRIEUO22,cov_by_esi_pholdr_outside_ru_12_31_22
PRSTX31,cov_by_priv_exchange_ins_r3_1_int_dt
PRSTX42,cov_by_priv_exchange_ins_r4_2_int_dt
PRSTX53,priv_exchange_ins_on_12_31_r5_r3_int_dt
PRSTX22,priv_exchange_insurance_on_12_31_22
PRIV31,cov_by_priv_hlth_ins_r3_1_int_date
PRIV42,cov_by_priv_hlth_ins_r4_2_int_date
PRIV53,cov_by_priv_hlth_ins_12_31_r3_int_date
PRIV22,cov_by_priv_hlth_ins_12_31_22
PRIVAT31,cov_by_private_ins_any_time_in_r3_1
PRIVAT42,cov_by_private_ins_any_time_in_r4_2
PRIVAT53,cov_by_private_ins_any_time_in_r5_3
PRIVAT22,cov_by_private_ins_r5_3_until_12_31_22
PUB31X,cov_by_public_ins_r3_1_int_dt_ed
PUB42X,cov_by_public_ins_r4_2_int_dt_ed
PUB53X,cov_by_public_ins_12_31_r3_int_dt_ed
PUB22X,cov_by_public_ins_12_31_22_ed
PUBAT31X,cov_by_public_any_time_in_r3_1
PUBAT42X,cov_by_public_any_time_in_r4_2
PUBAT53X,cov_by_public_any_time_in_r5_3
PUBAT22X,cov_by_public_r5_3_until_12_31_22
VERFLG31,pid_gained_covg_thru_verification_r3_1
VERFLG42,pid_gained_covg_thru_verification_r4_2
VERFLG22,pid_gained_covg_thru_verification_in_r5_r3_until_12_31_22
INS31X,insured_r3_1_int_date_ed
INS42X,insured_r4_2_int_date_ed
INS53X,insured_12_31_r3_int_date_ed
INS22X,insured_12_31_22_ed
INSAT31X,insured_any_time_in_r3_1
INSAT42X,insured_any_time_in_r4_2
INSAT53X,insured_any_time_in_r5_3
INSAT22X,insured_any_time_in_r5_r3_until_12_31_22
DENTIN31,dental_insurance_any_time_in_rd_3_1
DENTIN42,dental_insurance_any_time_in_rd_4_2
DENTIN53_M23,dental_insurance_any_time_in_rd_5_3
DNTINS31,dental_ins_any_time_in_rd_3_1_in_2022
DNTINS22_M23,dentl_ins_any_time_in_r5_r3_til_12_31_22
PMEDIN31,pmed_ins_any_time_in_rd_3_1
PMEDIN42,pmedins_any_time_in_rd_4_2
PMEDIN53,pmedins_any_time_in_rd_5_3
PMDINS31,pmed_ins_rd_3_1_in_2022
PMDINS22,pmed_ins_r5_r3_until_12_31_22
PROBPY42,family_having_prob_paying_medical_bills
CRFMPY42,family_med_bills_being_paid_over_time
PYUNBL42,unable_to_pay_family_medical_bills
PMEDUP31,has_usual_3rd_party_payer_for_pmeds_r3_1
PMEDUP42,has_usual_3rd_party_payer_for_pmeds_r4_2
PMEDUP53,has_usual_3rd_party_payer_for_pmeds_r5_3
PMEDPY31,usual_3rd_party_payer_for_pmeds_r3_1
PMEDPY42,usual_3rd_party_payer_for_pmeds_r4_2
PMEDPY53,usual_3rd_party_payer_for_pmeds_r5_3
TOTTCH22,total_health_care_charges_22_excl_rx
TOTEXP22,total_health_care_exp_22
TOTSLF22,total_amt_paid_by_self_family_22
TOTMCR22,total_amt_paid_by_medicare_22
TOTMCD22,total_amt_paid_by_medicaid_22
TOTPRV22,total_amt_paid_by_private_ins_22
TOTVA22,total_amt_paid_by_va_champva_22
TOTTRI22,total_amt_paid_by_tricare_22
TOTOFD22,total_amt_paid_by_other_federal_22
TOTSTL22,total_amt_paid_by_oth_st_local_22
TOTWCP22,total_amt_paid_by_workers_comp_22
TOTOSR22,total_amt_paid_by_other_sources_22
TOTPTR22,total_amt_paid_by_prv_tri_22
TOTOTH22,total_amt_paid_by_oth_combined_22
OBTOTV22,office_based_provider_visits_2022
OBVTCH22,office_based_provider_visit_charges_22
OBVEXP22,total_office_based_exp_22
OBVSLF22,all_office_visits_self_family_amt_22
OBVMCR22,all_office_visits_medicare_amt_22
OBVMCD22,all_office_visits_medicaid_amt_22
OBVPRV22,all_office_visits_private_ins_amt_22
OBVVA22,all_office_visits_va_champva_amt_22
OBVTRI22,all_office_visits_tricare_amt_22
OBVOFD22,all_office_visits_other_federal_amt_22
OBVSTL22,all_office_visits_oth_st_local_amt_22
OBVWCP22,all_office_visits_workers_comp_amt_22
OBVOSR22,all_off_vsts_oth_unclass_srce_amt_22
OBVPTR22,all_office_visits_prv_tri_amt_22
OBVOTH22,all_office_visits_oth_combined_amt_22
OBDRV22,office_based_physician_visits_2022
OBDTCH22,office_based_physician_visit_charges_22
OBDEXP22,total_off_based_dr_exp_22
OBDSLF22,dr_office_visits_self_family_amt_22
OBDMCR22,dr_office_visits_medicare_amt_22
OBDMCD22,dr_office_visits_medicaid_amt_22
OBDPRV22,dr_office_visits_private_ins_amt_22
OBDVA22,dr_office_visits_va_champva_amt_22
OBDTRI22,dr_office_visits_tricare_amt_22
OBDOFD22,dr_office_visits_other_federal_amt_22
OBDSTL22,dr_office_visits_oth_st_local_amt_22
OBDWCP22,dr_office_visits_workers_comp_amt_22
OBDOSR22,dr_off_vsts_oth_unclass_srce_amt_22
OBDPTR22,dr_office_visits_prv_tri_amt_22
OBDOTH22,dr_office_visits_oth_combined_amt_22
OPTOTV22,outpatient_dept_provider_visits_2022
OPTTCH22,opd_facility_dr_visit_charges_22
OPTEXP22,total_outpatient_fac_dr_exp_22
OPTSLF22,all_opd_vsts_self_family_amt_fac_dr_22
OPTMCR22,all_opd_vsts_medicare_amt_fac_dr_22
OPTMCD22,all_opd_vsts_medicaid_amt_fac_dr_22
OPTPRV22,all_opd_vsts_priv_ins_amt_fac_dr_22
OPTVA22,all_opd_vsts_va_champva_amt_fac_dr_22
OPTTRI22,all_opd_vsts_tricare_amt_fac_dr_22
OPTOFD22,all_opd_vsts_other_fed_amt_fac_dr_22
OPTSTL22,all_opd_vsts_oth_st_local_amt_fac_dr_22
OPTWCP22,all_opd_vsts_workers_comp_amt_fac_dr_22
OPTOSR22,all_opd_vsts_oth_uncls_src_amt_fac_dr_22
OPTPTR22,all_opd_visits_prv_tri_amt_fac_dr_22
OPTOTH22,all_opd_visits_oth_combined_amt_fac_dr_22
OPFTCH22,opd_provider_visit_charges_fac_22
OPFEXP22,total_outpatient_facility_exp_22
OPFSLF22,all_opd_visits_self_family_amt_fac_22
OPFMCR22,all_opd_visits_medicare_amt_fac_22
OPFMCD22,all_opd_visits_medicaid_amt_fac_22
OPFPRV22,all_opd_visits_priv_ins_amt_fac_22
OPFVA22,all_opd_visits_va_champva_amt_fac_22
OPFTRI22,all_opd_visits_tricare_amt_fac_22
OPFOFD22,all_opd_visits_other_fed_amt_fac_22
OPFSTL22,all_opd_visits_oth_st_local_amt_fac_22
OPFWCP22,all_opd_visits_workers_comp_amt_fac_22
OPFOSR22,all_opd_vsts_oth_unclass_srce_amt_fac_22
OPFPTR22,all_opd_visits_prv_tri_amt_fac_22
OPFOTH22,all_opd_visits_oth_combined_amt_fac_22
OPDEXP22,total_outpatient_provider_exp_22
OPDTCH22,opd_provider_visit_charges_dr_22
OPDSLF22,all_opd_visits_self_family_amt_dr_22
OPDMCR22,all_opd_visits_medicare_amt_dr_22
OPDMCD22,all_opd_visits_medicaid_amt_dr_22
OPDPRV22,all_opd_visits_priv_ins_amt_dr_22
OPDVA22,all_opd_visits_va_champva_amt_dr_22
OPDTRI22,all_opd_visits_tricare_amt_dr_22
OPDOFD22,all_opd_visits_other_fed_amt_dr_22
OPDSTL22,all_opd_visits_oth_st_local_amt_dr_22
OPDWCP22,all_opd_visits_workers_comp_amt_dr_22
OPDOSR22,all_opd_vsts_oth_unclass_srce_amt_dr_22
OPDPTR22,all_opd_visits_prv_tri_amt_dr_22
OPDOTH22,all_opd_visits_oth_combined_amt_dr_22
OPDRV22,outpatient_dept_physician_visits_2022
OPVTCH22,opd_physician_visit_charges_fac_22
OPVEXP22,total_outpatient_physician_fac_exp_22
OPVSLF22,opd_dr_visits_self_family_amt_fac_22
OPVMCR22,opd_dr_visits_medicare_amt_fac_22
OPVMCD22,opd_dr_visits_medicaid_amt_fac_22
OPVPRV22,opd_dr_visits_priv_ins_amt_fac_22
OPVVA22,opd_dr_visits_va_champva_amt_fac_22
OPVTRI22,opd_dr_visits_tricare_amt_fac_22
OPVOFD22,opd_dr_visits_other_fed_amt_fac_22
OPVSTL22,opd_dr_visits_oth_st_local_amt_fac_22
OPVWCP22,opd_dr_visits_workers_comp_amt_fac_22
OPVOSR22,opd_dr_vsts_oth_unclass_srce_amt_fac_22
OPVPTR22,opd_dr_visits_prv_tri_amt_fac_22
OPVOTH22,opd_dr_visits_oth_combined_amt_fac_22
OPSEXP22,total_outpatient_physician_dr_exp_22
OPSTCH22,opd_physician_visit_charges_dr_22
OPSSLF22,opd_dr_visits_self_family_amt_dr_22
OPSMCR22,opd_dr_visits_medicare_amt_dr_22
OPSMCD22,opd_dr_visits_medicaid_amt_dr_22
OPSPRV22,opd_dr_visits_priv_ins_amt_dr_22
OPSVA22,opd_dr_visits_va_champva_amt_dr_22
OPSTRI22,opd_dr_visits_tricare_amt_dr_22
OPSOFD22,opd_dr_visits_other_fed_amt_dr_22
OPSSTL22,opd_dr_visits_oth_st_local_amt_dr_22
OPSWCP22,opd_dr_visits_workers_comp_amt_dr_22
OPSOSR22,opd_dr_vsts_oth_unclass_srce_amt_dr_22
OPSPTR22,opd_dr_visits_prv_tri_amt_dr_22
OPSOTH22,opd_dr_visits_oth_combined_amt_dr_22
ERTOT22,emergency_room_visits_2022
ERTTCH22,er_facility_dr_visit_charges_22
ERTEXP22,total_er_facility_dr_exp_22
ERTSLF22,er_self_family_amt_fac_dr_22
ERTMCR22,er_medicare_amt_fac_dr_22
ERTMCD22,er_medicaid_amt_fac_dr_22
ERTPRV22,er_priv_ins_amt_fac_dr_22
ERTVA22,er_va_champva_amt_fac_dr_22
ERTTRI22,er_tricare_amt_fac_dr_22
ERTOFD22,er_other_fed_amt_fac_dr_22
ERTSTL22,er_oth_st_local_amt_fac_dr_22
ERTWCP22,er_workers_comp_amt_fac_dr_22
ERTOSR22,er_oth_unclass_srce_amt_fac_dr_22
ERTPTR22,er_prv_tri_amt_fac_dr_22
ERTOTH22,er_oth_combined_amt_fac_dr_22
ERFTCH22,er_facility_visit_charges_22
ERFEXP22,total_er_facility_exp_22
ERFSLF22,er_self_family_amt_fac_22
ERFMCR22,er_medicare_amt_fac_22
ERFMCD22,er_medicaid_amt_fac_22
ERFPRV22,er_private_ins_amt_fac_22
ERFVA22,er_va_champva_amt_fac_22
ERFTRI22,er_tricare_amt_fac_22
ERFOFD22,er_other_federal_amt_fac_22
ERFSTL22,er_oth_st_local_amt_fac_22
ERFWCP22,er_workers_comp_amt_fac_22
ERFOSR22,er_oth_unclass_srce_amt_fac_22
ERFPTR22,er_prv_tri_amt_fac_22
ERFOTH22,er_oth_combined_amt_fac_22
ERDEXP22,total_emergency_room_dr_exp_22
ERDTCH22,er_doctor_visit_charges_22
ERDSLF22,er_self_family_amt_dr_22
ERDMCR22,er_medicare_amt_dr_22
ERDMCD22,er_medicaid_amt_dr_22
ERDPRV22,er_private_ins_amt_dr_22
ERDVA22,er_va_champva_amt_dr_22
ERDTRI22,er_tricare_amt_dr_22
ERDOFD22,er_other_fed_amt_dr_22
ERDSTL22,er_oth_st_local_amt_dr_22
ERDWCP22,er_workers_comp_amt_dr_22
ERDOSR22,er_oth_unclass_srce_amt_dr_22
ERDPTR22,er_prv_tri_amt_dr_22
ERDOTH22,er_oth_combined_amt_dr_22
IPDIS22,hospital_discharges_2022
IPTEXP22,tot_hosp_ip_facility_dr_exp_22
IPTTCH22,ip_hosp_stay_charges_fac_dr_22
IPTSLF22,ip_hosp_staz_self_family_amt_fac_dr_22
IPTMCR22,ip_hosp_staz_medicare_amt_fac_dr_22
IPTMCD22,ip_hosp_staz_medicaid_amt_fac_dr_22
IPTPRV22,ip_hosp_staz_priv_ins_amt_fac_dr_22
IPTVA22,ip_hosp_staz_va_champva_amt_fac_dr_22
IPTTRI22,ip_hosp_staz_tricare_amt_fac_dr_22
IPTOFD22,ip_hosp_staz_other_fed_amt_fac_dr_22
IPTSTL22,ip_hsp_staz_oth_st_local_amt_fac_dr_22
IPTWCP22,ip_hosp_staz_wrkrs_comp_amt_fac_dr_22
IPTOSR22,ip_hosp_staz_oth_uncls_src_amt_fac_dr_22
IPTPTR22,ip_hosp_staz_prv_tri_amt_fac_dr_22
IPTOTH22,ip_hosp_staz_oth_combined_amt_fac_dr_22
IPFEXP22,tot_hosp_ip_facility_exp_22
IPFTCH22,ip_hosp_stay_charges_fac_22
IPFSLF22,ip_hosp_staz_self_family_amt_fac_22
IPFMCR22,ip_hosp_staz_medicare_amt_fac_22
IPFMCD22,ip_hosp_staz_medicaid_amt_fac_22
IPFPRV22,ip_hosp_staz_priv_ins_amt_fac_22
IPFVA22,ip_hosp_staz_va_champva_amt_fac_22
IPFTRI22,ip_hosp_staz_tricare_amt_fac_22
IPFOFD22,ip_hosp_staz_other_fed_amt_fac_22
IPFSTL22,ip_hosp_staz_oth_st_local_amt_fac_22
IPFWCP22,ip_hosp_staz_workers_comp_amt_fac_22
IPFOSR22,ip_hosp_staz_ot_unclass_srce_amt_fac_22
IPFPTR22,ip_hosp_staz_prv_tri_amt_fac_22
IPFOTH22,ip_hosp_staz_oth_combined_amt_fac_22
IPDEXP22,totl_hosp_staz_dr_exp_22
IPDTCH22,ip_hosp_stay_charges_dr_22
IPDSLF22,ip_hosp_staz_self_family_amt_dr_22
IPDMCR22,ip_hosp_staz_medicare_amt_dr_22
IPDMCD22,ip_hosp_staz_medicaid_amt_dr_22
IPDPRV22,ip_hosp_staz_priv_ins_amt_dr_22
IPDVA22,ip_hosp_staz_va_champva_amt_dr_22
IPDTRI22,ip_hosp_staz_tricare_amt_dr_22
IPDOFD22,ip_hosp_staz_other_fed_amt_dr_22
IPDSTL22,ip_hosp_staz_oth_st_local_amt_dr_22
IPDWCP22,ip_hosp_staz_workers_comp_amt_dr_22
IPDOSR22,ip_hosp_staz_ot_unclass_sorce_amt_dr_22
IPDPTR22,ip_hosp_staz_prv_tri_amt_dr_22
IPDOTH22,ip_hosp_staz_oth_combined_amt_dr_22
IPNGTD22,nights_in_hosp_for_discharges_2022
DVTOT22,dental_care_visits_2022
DVTTCH22,total_dental_care_visit_charges_22
DVTEXP22,total_dental_care_exp_22
DVTSLF22,all_dental_care_self_family_amt_22
DVTMCR22,all_dental_care_medicare_amt_22
DVTMCD22,all_dental_care_medicaid_amt_22
DVTPRV22,all_dental_care_private_ins_amt_22
DVTVA22,all_dental_care_va_champva_amt_22
DVTTRI22,all_dental_care_tricare_amt_22
DVTOFD22,all_dental_care_other_fedrl_amt_22
DVTSTL22,all_dental_care_oth_st_local_amt_22
DVTWCP22,all_dental_care_workers_comp_amt_22
DVTOSR22,all_dent_care_ot_unclass_srce_amt_22
DVTPTR22,all_dental_care_prv_tri_amt_22
DVTOTH22,all_dental_care_oth_combined_amt_22
HHTOTD22,home_health_provider_days_2022
HHAGD22,agency_home_health_provider_days_2022
HHATCH22,home_health_agency_visit_charges_22
HHAEXP22,total_home_health_agency_exp_22
HHASLF22,home_hlth_agency_self_family_amt_22
HHAMCR22,home_hlth_agency_medicare_amt_22
HHAMCD22,home_hlth_agency_medicaid_amt_22
HHAPRV22,home_hlth_agency_private_ins_amt_22
HHAVA22,home_hlth_agency_va_champva_amt_22
HHATRI22,home_hlth_agency_tricare_amt_22
HHAOFD22,home_hlth_agency_other_fed_amt_22
HHASTL22,home_hlth_agency_othr_st_local_amt_22
HHAWCP22,home_hlth_agency_workers_comp_amt_22
HHAOSR22,h_hlth_agency_ot_unclass_srce_amt_22
HHAPTR22,home_hlth_agency_prv_tri_amt_22
HHAOTH22,home_hlth_agency_oth_combined_amt_22
HHINDD22,non_agency_home_health_providr_days_2022
HHNTCH22,home_health_non_agency_visit_charges_22
HHNEXP22,total_home_health_non_agncy_exp_22
HHNSLF22,home_hlth_non_agncy_self_fam_amt_22
HHNMCD22,home_hlth_non_agncy_medicaid_amt_22
HHNMCR22,home_hlth_non_agncy_medicare_amt_22
HHNPRV22,home_hlth_non_agncy_priv_ins_amt_22
HHNVA22,home_hlth_non_agncy_va_champva_amt_22
HHNTRI22,home_hlth_non_agncy_tricare_amt_22
HHNOFD22,home_hlth_non_agncy_othr_fed_amt_22
HHNSTL22,home_hlth_non_agncy_othr_st_locl_amt_22
HHNWCP22,home_hlth_non_agncy_workers_comp_amt_22
HHNOSR22,h_hlth_non_agncy_ot_unclass_srce_amt_22
HHNPTR22,home_hlth_non_agncy_prv_tri_amt_22
HHNOTH22,home_hlth_non_agncy_oth_combined_amt_22
HHINFD22,informal_home_health_provider_days_2022
VISEXP22,total_glasses_contact_lens_exp_22
VISTCH22,glasses_contact_lenses_charges_22
VISSLF22,glasses_cntct_lenses_self_fam_amt_22
VISMCR22,glasses_cntct_lenses_medicare_amt_22
VISMCD22,glasses_cntct_lenses_medicaid_amt_22
VISPRV22,glasses_cntct_lenses_priv_ins_amt_22
VISVA22,glasses_cntct_lenses_va_champva_amt_22
VISTRI22,glasses_lenses_tricare_amt_22
VISOFD22,glasses_cntct_lenses_othr_fed_amt_22
VISSTL22,glasses_cntct_lenses_oth_st_locl_amt_22
VISWCP22,glasses_cntct_lenses_workers_comp_amt_22
VISOSR22,glases_cntct_lense_ot_unclas_srce_amt_22
VISPTR22,glasses_cntct_lenses_prv_tri_amt_22
VISOTH22,glasses_cntct_lenses_oth_combined_amt_22
OTHTCH22,other_equp_supplies_charges_22
OTHEXP22,tot_other_equip_sply_excl_diab_exp_22
OTHSLF22,other_equp_supplies_self_fam_amt_22
OTHMCR22,other_equp_supplies_medicare_amt_22
OTHMCD22,other_equp_supplies_medicaid_amt_22
OTHPRV22,other_equp_supplies_priv_ins_amt_22
OTHVA22,other_equp_supply_va_champva_amt_22
OTHTRI22,other_equp_supply_tricare_amt_22
OTHOFD22,other_equp_supplies_othr_fedrl_amt_22
OTHSTL22,other_equp_supply_othr_st_local_amt_22
OTHWCP22,other_equp_supply_workers_comp_amt_22
OTHOSR22,oth_equp_suply_ot_unclass_srce_amt_22
OTHPTR22,other_equp_supply_prv_tri_amt_22
OTHOTH22,other_equp_supply_oth_combined_amt_22
RXTOT22,presc_meds_incl_refills_22
RXEXP22,total_rx_exp_22
RXSLF22,total_rx_self_family_amt_22
RXMCR22,total_rx_medicare_amt_22
RXMCD22,total_rx_medicaid_amt_22
RXPRV22,total_rx_private_ins_amt_22
RXVA22,total_rx_va_champva_amt_22
RXTRI22,total_rx_tricare_amt_22
RXOFD22,total_rx_other_fed_amt_22
RXSTL22,total_rx_other_st_local_amt_22
RXWCP22,total_rx_workers_comp_amt_22
RXOSR22,tot_rx_oth_unclass_srce_amt_22
RXPTR22,total_rx_prv_tri_amt_22
RXOTH22,total_rx_oth_combined_amt_22
PERWT22F,final_person_weight_2022
FAMWT22F,final_family_weight_2022
FAMWT22C,pov_adj_family_wgt_cps_fam_on_12_31_22
SAQWT22F,final_saq_person_weight_2022
DIABW22F,final_diabetes_care_supplement_weight_2022
VARSTR,variance_estimation_stratum_2022
VARPSU,variance_estimation_psu_2022
